{"avg_train_loss": 0.5159365617802574, "test_acc": 0.7282, "_timestamp": 1683181916.8314865, "_runtime": 106.97888445854187, "_step": 10, "_wandb": {"runtime": 107}}