{"gradients/fc.bias": {"_type": "histogram", "values": [1.0, 0.0, 0.0, 0.0, 0.0, 0.0, 0.0, 0.0, 0.0, 0.0, 1.0, 0.0, 0.0, 0.0, 0.0, 0.0, 0.0, 0.0, 0.0, 0.0, 0.0, 0.0, 0.0, 0.0, 0.0, 0.0, 0.0, 0.0, 0.0, 0.0, 0.0, 0.0, 1.0, 0.0, 0.0, 1.0, 0.0, 2.0, 0.0, 0.0, 0.0, 0.0, 0.0, 0.0, 0.0, 1.0, 0.0, 0.0, 0.0, 0.0, 1.0, 0.0, 0.0, 0.0, 0.0, 0.0, 0.0, 1.0, 0.0, 0.0, 0.0, 0.0, 0.0, 1.0], "bins": [-2.1456575268530287e-05, -2.0877589122392237e-05, -2.0298602976254188e-05, -1.9719615011126734e-05, -1.9140628864988685e-05, -1.8561642718850635e-05, -1.7982656572712585e-05, -1.7403670426574536e-05, -1.6824684280436486e-05, -1.6245698134298436e-05, -1.5666711988160387e-05, -1.5087724932527635e-05, -1.4508737876894884e-05, -1.3929751730756834e-05, -1.3350765584618784e-05, -1.2771779438480735e-05, -1.2192791473353282e-05, -1.1613805327215232e-05, -1.103481827158248e-05, -1.0455832125444431e-05, -9.87684506981168e-06, -9.29785892367363e-06, -8.71887277753558e-06, -8.13988663139753e-06, -7.560899575764779e-06, -6.9819129748793785e-06, -6.402926373993978e-06, -5.823940227855928e-06, -5.244953626970528e-06, -4.665967026085127e-06, -4.0869808799470775e-06, -3.507994279061677e-06, -2.9290076781762764e-06, -2.350021077290876e-06, -1.7710347037791507e-06, -1.192048216580588e-06, -6.130617293820251e-07, -3.407512849662453e-08, 5.449112450151006e-07, 1.1238976185268257e-06, 1.7028842194122262e-06, 2.2818708202976268e-06, 2.860857193809352e-06, 3.439843567321077e-06, 4.0188301682064775e-06, 4.597816769091878e-06, 5.176802915229928e-06, 5.755789516115328e-06, 6.334776117000729e-06, 6.913762717886129e-06, 7.49274931877153e-06, 8.07173546490958e-06, 8.650722520542331e-06, 9.22970866668038e-06, 9.80869481281843e-06, 1.038768095895648e-05, 1.0966668014589231e-05, 1.1545654160727281e-05, 1.2124641216360033e-05, 1.2703627362498082e-05, 1.3282613508636132e-05, 1.3861600564268883e-05, 1.4440586710406933e-05, 1.5019573766039684e-05, 1.5598559912177734e-05]}, "_timestamp": 1683186693.9024937, "gradients/fc.weight": {"_type": "histogram", "values": [1.0, 0.0, 1.0, 0.0, 0.0, 0.0, 2.0, 2.0, 2.0, 2.0, 5.0, 4.0, 5.0, 8.0, 7.0, 7.0, 7.0, 10.0, 16.0, 12.0, 14.0, 16.0, 22.0, 25.0, 28.0, 45.0, 39.0, 45.0, 45.0, 54.0, 70.0, 65.0, 79.0, 90.0, 101.0, 210.0, 2561.0, 368.0, 260.0, 229.0, 143.0, 109.0, 81.0, 77.0, 66.0, 38.0, 38.0, 24.0, 23.0, 11.0, 13.0, 8.0, 6.0, 8.0, 3.0, 5.0, 1.0, 1.0, 2.0, 2.0, 1.0, 2.0, 0.0, 1.0], "bins": [-0.00021622085478156805, -0.00021026965987402946, -0.00020431846496649086, -0.00019836727005895227, -0.00019241607515141368, -0.00018646489479579031, -0.00018051369988825172, -0.00017456250498071313, -0.00016861131007317454, -0.00016266011516563594, -0.00015670892025809735, -0.00015075772535055876, -0.0001448065449949354, -0.0001388553500873968, -0.0001329041551798582, -0.00012695296027231961, -0.00012100176536478102, -0.00011505057045724243, -0.00010909937554970384, -0.00010314818791812286, -9.719699301058426e-05, -9.124579810304567e-05, -8.52946104714647e-05, -7.93434155639261e-05, -7.339222065638751e-05, -6.744102574884892e-05, -6.148983084131032e-05, -5.5538643209729344e-05, -4.958744830219075e-05, -4.363625339465216e-05, -3.768506212509237e-05, -3.1733870855532587e-05, -2.5782675947993994e-05, -1.9831482859444804e-05, -1.3880289770895615e-05, -7.929096682346426e-06, -1.9779035937972367e-06, 3.973289494751953e-06, 9.924482583301142e-06, 1.5875673852860928e-05, 2.182686876039952e-05, 2.777806184894871e-05, 3.37292549374979e-05, 3.9680446207057685e-05, 4.563164111459628e-05, 5.158283602213487e-05, 5.7534027291694656e-05, 6.348521856125444e-05, 6.943641346879303e-05, 7.538760837633163e-05, 8.133880328387022e-05, 8.72899909154512e-05, 9.324118582298979e-05, 9.919238073052838e-05, 0.00010514356836210936, 0.00011109476326964796, 0.00011704595817718655, 0.00012299715308472514, 0.00012894834799226373, 0.00013489954289980233, 0.0001408507232554257, 0.00014680191816296428, 0.00015275311307050288, 0.00015870430797804147, 0.00016465550288558006]}, "gradients/fc1.0.bias": {"_type": "histogram", "values": [1.0, 2.0, 2.0, 0.0, 2.0, 3.0, 2.0, 4.0, 5.0, 3.0, 2.0, 5.0, 4.0, 5.0, 4.0, 16.0, 6.0, 6.0, 8.0, 9.0, 13.0, 19.0, 17.0, 25.0, 19.0, 22.0, 19.0, 20.0, 41.0, 24.0, 9.0, 22.0, 21.0, 17.0, 14.0, 17.0, 14.0, 14.0, 11.0, 7.0, 8.0, 4.0, 11.0, 4.0, 3.0, 8.0, 3.0, 1.0, 2.0, 1.0, 2.0, 1.0, 2.0, 1.0, 2.0, 0.0, 0.0, 2.0, 0.0, 1.0, 1.0, 0.0, 0.0, 1.0], "bins": [-9.326399776909966e-06, -8.995191819849424e-06, -8.663984772283584e-06, -8.332776815223042e-06, -8.0015688581625e-06, -7.67036181059666e-06, -7.339153853536118e-06, -7.007946351222927e-06, -6.676738848909736e-06, -6.345531346596545e-06, -6.0143238442833535e-06, -5.683115887222812e-06, -5.3519083849096205e-06, -5.0207008825964294e-06, -4.6894929255358875e-06, -4.358285423222696e-06, -4.027077920909505e-06, -3.6958704185963143e-06, -3.3646626889094478e-06, -3.0334549592225812e-06, -2.70224745690939e-06, -2.371039954596199e-06, -2.0398322249093326e-06, -1.708624495222466e-06, -1.377416992909275e-06, -1.0462093769092462e-06, -7.150017609092174e-07, -3.837941449091886e-07, -5.2586528909159824e-08, 2.7862108709086897e-07, 6.098287030908978e-07, 9.410364327777643e-07, 1.2722448445856571e-06, 1.603452460585686e-06, 1.9346600765857147e-06, 2.2658678062725812e-06, 2.5970753085857723e-06, 2.9282828108989634e-06, 3.25949054058583e-06, 3.5906982702726964e-06, 3.9219057725858875e-06, 4.2531132748990785e-06, 4.58432077721227e-06, 4.9155287342728116e-06, 5.246736236586003e-06, 5.577943738899194e-06, 5.909151695959736e-06, 6.240359198272927e-06, 6.571566700586118e-06, 6.902774202899309e-06, 7.2339817052125e-06, 7.565189662273042e-06, 7.896396709838882e-06, 8.227604666899424e-06, 8.558812623959966e-06, 8.890019671525806e-06, 9.221227628586348e-06, 9.55243558564689e-06, 9.88364263321273e-06, 1.0214850590273272e-05, 1.0546058547333814e-05, 1.0877265594899654e-05, 1.1208473551960196e-05, 1.1539681509020738e-05, 1.1870888556586578e-05]}, "gradients/fc1.0.weight": {"_type": "histogram", "values": [1.0, 3.0, 2.0, 5.0, 3.0, 4.0, 14.0, 11.0, 7.0, 17.0, 23.0, 33.0, 55.0, 91.0, 156.0, 217.0, 292.0, 464.0, 693.0, 1004.0, 1618.0, 2433.0, 3910.0, 6137.0, 10173.0, 16940.0, 28276.0, 47195.0, 81447.0, 257213.0, 165469.0, 78907.0, 45128.0, 26695.0, 16220.0, 10207.0, 6329.0, 4028.0, 2610.0, 1662.0, 1104.0, 788.0, 487.0, 326.0, 255.0, 158.0, 110.0, 80.0, 52.0, 44.0, 31.0, 17.0, 21.0, 11.0, 6.0, 6.0, 2.0, 2.0, 2.0, 3.0, 2.0, 0.0, 0.0, 1.0], "bins": [-0.00014412717428058386, -0.00013931572902947664, -0.0001345042692264542, -0.00012969282397534698, -0.00012488136417232454, -0.00012006991892121732, -0.00011525846639415249, -0.00011044701386708766, -0.00010563556134002283, -0.000100824108812958, -9.601265628589317e-05, -9.120120375882834e-05, -8.638975850772113e-05, -8.157829870469868e-05, -7.676685345359147e-05, -7.195540092652664e-05, -6.71439483994618e-05, -6.233249587239698e-05, -5.7521043345332146e-05, -5.270959445624612e-05, -4.789814192918129e-05, -4.308668940211646e-05, -3.827524051303044e-05, -3.346378798596561e-05, -2.865233545890078e-05, -2.384088293183595e-05, -1.9029432223760523e-05, -1.4217980606190395e-05, -9.406528988620266e-06, -4.595076461555436e-06, 2.1637424651999027e-07, 5.027824954595417e-06, 9.839292033575475e-06, 1.4650743651145604e-05, 1.9462195268715732e-05, 2.427364597679116e-05, 2.908509850385599e-05, 3.389655103092082e-05, 3.870799992000684e-05, 4.351945244707167e-05, 4.83309049741365e-05, 5.314235750120133e-05, 5.795381002826616e-05, 6.276526255533099e-05, 6.757670780643821e-05, 7.238816760946065e-05, 7.719961286056787e-05, 8.20110653876327e-05, 8.682251791469753e-05, 9.163397044176236e-05, 9.644542296882719e-05, 0.00010125687549589202, 0.00010606832802295685, 0.00011087977327406406, 0.0001156912258011289, 0.00012050267832819372, 0.00012531413813121617, 0.00013012558338232338, 0.00013493704318534583, 0.00013974848843645304, 0.0001445599482394755, 0.0001493713934905827, 0.00015418285329360515, 0.00015899429854471236, 0.00016380574379581958]},