{"gradients/fc.bias": {"_type": "histogram", "values": [1.0, 0.0, 0.0, 0.0, 0.0, 0.0, 0.0, 0.0, 0.0, 0.0, 0.0, 0.0, 0.0, 0.0, 0.0, 0.0, 0.0, 0.0, 0.0, 0.0, 0.0, 1.0, 0.0, 0.0, 1.0, 0.0, 0.0, 0.0, 0.0, 0.0, 0.0, 0.0, 0.0, 0.0, 0.0, 0.0, 0.0, 0.0, 0.0, 1.0, 0.0, 0.0, 0.0, 1.0, 1.0, 1.0, 0.0, 1.0, 0.0, 0.0, 0.0, 0.0, 0.0, 0.0, 0.0, 1.0, 0.0, 0.0, 0.0, 0.0, 0.0, 0.0, 0.0, 1.0], "bins": [-0.1648726463317871, -0.16059577465057373, -0.15631888806819916, -0.15204201638698578, -0.1477651298046112, -0.14348825812339783, -0.13921138644218445, -0.13493449985980988, -0.1306576281785965, -0.12638075649738312, -0.12210386991500854, -0.11782699823379517, -0.11355011910200119, -0.10927323997020721, -0.10499636083841324, -0.10071948170661926, -0.09644260257482529, -0.09216572344303131, -0.08788884431123734, -0.08361196517944336, -0.07933509349822998, -0.075058214366436, -0.07078133523464203, -0.06650445610284805, -0.062227580696344376, -0.0579507015645504, -0.05367382615804672, -0.04939694702625275, -0.04512006789445877, -0.04084319248795509, -0.03656631335616112, -0.03228943794965744, -0.028012558817863464, -0.023735681548714638, -0.01945880427956581, -0.015181925147771835, -0.010905047878623009, -0.006628170609474182, -0.0023512914776802063, 0.0019255857914686203, 0.006202463060617447, 0.010479340329766273, 0.014756218530237675, 0.019033096730709076, 0.023309973999857903, 0.02758685126900673, 0.031863730400800705, 0.03614060580730438, 0.04041748493909836, 0.044694364070892334, 0.04897123947739601, 0.05324811860918999, 0.057524994015693665, 0.06180187314748764, 0.06607875227928162, 0.07035563141107559, 0.07463251054286957, 0.07890938967466354, 0.08318626880645752, 0.0874631404876709, 0.09174001961946487, 0.09601689875125885, 0.10029377788305283, 0.1045706570148468, 0.10884752869606018]}, "_timestamp": 1683099960.9800897, "gradients/fc.weight": {"_type": "histogram", "values": [1.0, 1.0, 2.0, 2.0, 6.0, 1.0, 2.0, 3.0, 1.0, 6.0, 6.0, 6.0, 5.0, 5.0, 6.0, 9.0, 13.0, 14.0, 13.0, 18.0, 18.0, 21.0, 26.0, 35.0, 30.0, 50.0, 45.0, 51.0, 64.0, 70.0, 94.0, 84.0, 109.0, 136.0, 207.0, 2225.0, 585.0, 395.0, 203.0, 138.0, 98.0, 71.0, 36.0, 39.0, 35.0, 18.0, 19.0, 9.0, 8.0, 11.0, 7.0, 13.0, 5.0, 3.0, 11.0, 5.0, 5.0, 5.0, 4.0, 1.0, 2.0, 3.0, 3.0, 3.0], "bins": [-0.2486424446105957, -0.24156074225902557, -0.23447903990745544, -0.22739733755588531, -0.22031563520431519, -0.21323393285274506, -0.20615223050117493, -0.1990705281496048, -0.19198882579803467, -0.18490712344646454, -0.1778254210948944, -0.17074371874332428, -0.16366201639175415, -0.15658031404018402, -0.1494986116886139, -0.14241690933704376, -0.13533520698547363, -0.1282535046339035, -0.12117180228233337, -0.11409009993076324, -0.10700839757919312, -0.09992669522762299, -0.09284499287605286, -0.08576329052448273, -0.0786815881729126, -0.07159988582134247, -0.06451818346977234, -0.05743648111820221, -0.05035477876663208, -0.04327307641506195, -0.03619137406349182, -0.029109671711921692, -0.02202795445919037, -0.01494625210762024, -0.00786454975605011, -0.0007828474044799805, 0.006298854947090149, 0.013380557298660278, 0.020462259650230408, 0.027543962001800537, 0.034625664353370667, 0.041707366704940796, 0.048789069056510925, 0.055870771408081055, 0.06295247375965118, 0.07003417611122131, 0.07711587846279144, 0.08419758081436157, 0.0912792831659317, 0.09836098551750183, 0.10544268786907196, 0.11252439022064209, 0.11960609257221222, 0.12668779492378235, 0.13376949727535248, 0.1408511996269226, 0.14793290197849274, 0.15501460433006287, 0.162096306681633, 0.16917800903320312, 0.17625971138477325, 0.18334141373634338, 0.1904231160879135, 0.19750481843948364, 0.20458652079105377]}, "gradients/fc1.0.bias": {"_type": "histogram", "values": [2.0, 0.0, 0.0, 0.0, 0.0, 1.0, 0.0, 1.0, 0.0, 1.0, 2.0, 1.0, 0.0, 2.0, 3.0, 2.0, 1.0, 2.0, 4.0, 2.0, 8.0, 0.0, 4.0, 8.0, 7.0, 8.0, 12.0, 13.0, 15.0, 12.0, 26.0, 26.0, 37.0, 71.0, 30.0, 22.0, 25.0, 18.0, 11.0, 24.0, 14.0, 10.0, 7.0, 13.0, 12.0, 8.0, 6.0, 5.0, 6.0, 5.0, 3.0, 6.0, 2.0, 3.0, 1.0, 3.0, 1.0, 0.0, 0.0, 2.0, 2.0, 0.0, 1.0, 1.0], "bins": [-0.04189887270331383, -0.04066444933414459, -0.03943002223968506, -0.03819559887051582, -0.03696117177605629, -0.035726748406887054, -0.03449232131242752, -0.033257897943258286, -0.03202347457408905, -0.030789049342274666, -0.02955462411046028, -0.028320198878645897, -0.027085773646831512, -0.025851350277662277, -0.024616925045847893, -0.02338249981403351, -0.022148072719573975, -0.02091364748775959, -0.019679222255945206, -0.01844479702413082, -0.017210371792316437, -0.0159759484231472, -0.014741523191332817, -0.013507097959518433, -0.012272672727704048, -0.011038247495889664, -0.00980382226407528, -0.00856939796358347, -0.007334972731769085, -0.0061005474999547005, -0.004866122733801603, -0.003631697967648506, -0.0023972690105438232, -0.0011628440115600824, 7.158098742365837e-05, 0.0013060059864073992, 0.00254043098539114, 0.0037748562172055244, 0.005009280983358622, 0.006243705749511719, 0.007478130981326103, 0.008712556213140488, 0.009946981444954872, 0.011181405745446682, 0.012415830977261066, 0.013650256209075451, 0.01488468050956726, 0.016119105741381645, 0.01735353097319603, 0.018587956205010414, 0.0198223814368248, 0.021056806668639183, 0.022291231900453568, 0.023525655269622803, 0.024760080501437187, 0.02599450573325157, 0.027228930965065956, 0.02846335619688034, 0.029697781428694725, 0.03093220666050911, 0.032166630029678345, 0.03340105712413788, 0.034635480493307114, 0.03586990386247635, 0.03710433095693588]}, "gradients/fc1.0.weight": {"_type": "histogram", "values": [2.0, 0.0, 1.0, 1.0, 1.0, 5.0, 2.0, 4.0, 5.0, 10.0, 13.0, 16.0, 20.0, 36.0, 48.0, 80.0, 100.0, 182.0, 263.0, 386.0, 536.0, 917.0, 1314.0, 2151.0, 3334.0, 5175.0, 8653.0, 14807.0, 27407.0, 54327.0, 133610.0, 366850.0, 91821.0, 44490.0, 24250.0, 14184.0, 8498.0, 5268.0, 3519.0, 2329.0, 1614.0, 1052.0, 643.0, 427.0, 295.0, 164.0, 122.0, 97.0, 43.0, 36.0, 26.0, 26.0, 12.0, 12.0, 6.0, 4.0, 0.0, 2.0, 0.0, 0.0, 1.0, 1.0, 0.0, 2.0], "bins": [-0.09603102505207062, -0.09296053647994995, -0.08989004045724869, -0.08681955188512802, -0.08374905586242676, -0.08067856729030609, -0.07760807126760483, -0.07453758269548416, -0.0714670866727829, -0.06839659810066223, -0.06532610207796097, -0.06225560978055, -0.05918511748313904, -0.05611462518572807, -0.05304413288831711, -0.04997364431619644, -0.04690315201878548, -0.04383265972137451, -0.04076216742396355, -0.03769167512655258, -0.03462118282914162, -0.03155069053173065, -0.028480200096964836, -0.02540970779955387, -0.022339215502142906, -0.01926872320473194, -0.016198230907320976, -0.013127739541232586, -0.010057247243821621, -0.006986754946410656, -0.003916263580322266, -0.0008457712829113007, 0.0022247210144996643, 0.005295213311910629, 0.008365705609321594, 0.011436196975409985, 0.01450668927282095, 0.01757718250155449, 0.020647672936320305, 0.02371816523373127, 0.026788657531142235, 0.0298591498285532, 0.032929640263319016, 0.03600013256072998, 0.039070624858140945, 0.04214111715555191, 0.045211609452962875, 0.04828210175037384, 0.051352594047784805, 0.05442308634519577, 0.057493578642606735, 0.0605640709400177, 0.06363455951213837, 0.06670505553483963, 0.0697755441069603, 0.07284604012966156, 0.07591652870178223, 0.0789870172739029, 0.08205751329660416, 0.08512800186872482, 0.08819849789142609, 0.09126898646354675, 0.09433948248624802, 0.09740997105836868, 0.10048046708106995]}, "gradients/conv2.0.weight": {"_type": "histogram", "values": [3.0, 1.0, 1.0, 0.0, 3.0, 1.0, 1.0, 5.0, 3.0, 10.0, 8.0, 7.0, 16.0, 23.0, 25.0, 36.0, 44.0, 73.0, 104.0, 144.0, 193.0, 282.0, 403.0, 602.0, 728.0, 1037.0, 1600.0, 2235.0, 3496.0, 4902.0, 7716.0, 9282.0, 5568.0, 3515.0, 2397.0, 1672.0, 1181.0, 839.0, 629.0, 515.0, 394.0, 286.0, 247.0, 201.0, 158.0, 131.0, 81.0, 78.0, 45.0, 47.0, 41.0, 46.0, 37.0, 42.0, 15.0, 16.0, 13.0, 3.0, 4.0, 6.0, 1.0, 2.0, 0.0, 6.0],