{"avg_train_loss": 0.5164155521450772, "test_acc": 0.7251333333333333, "_timestamp": 1683182160.6439257, "_runtime": 102.8409686088562, "_step": 10, "_wandb": {"runtime": 102}}