{"gradients/fc.bias": {"_type": "histogram", "values": [1.0, 0.0, 0.0, 0.0, 0.0, 0.0, 0.0, 0.0, 0.0, 0.0, 0.0, 0.0, 0.0, 0.0, 0.0, 0.0, 0.0, 0.0, 0.0, 0.0, 0.0, 0.0, 0.0, 0.0, 0.0, 0.0, 0.0, 0.0, 0.0, 0.0, 0.0, 0.0, 0.0, 0.0, 0.0, 0.0, 0.0, 0.0, 0.0, 0.0, 0.0, 0.0, 0.0, 0.0, 0.0, 0.0, 1.0, 2.0, 0.0, 1.0, 1.0, 1.0, 0.0, 1.0, 0.0, 0.0, 1.0, 0.0, 0.0, 0.0, 0.0, 0.0, 0.0, 1.0], "bins": [-0.013132351450622082, -0.012851106002926826, -0.012569861486554146, -0.01228861603885889, -0.01200737152248621, -0.011726126074790955, -0.011444881558418274, -0.011163636110723019, -0.010882390663027763, -0.010601145215332508, -0.010319900698959827, -0.010038655251264572, -0.009757410734891891, -0.009476165287196636, -0.009194919839501381, -0.0089136753231287, -0.00863243080675602, -0.008351185359060764, -0.008069940842688084, -0.007788695394992828, -0.00750745041295886, -0.007226205430924892, -0.0069449604488909245, -0.0066637154668569565, -0.006382470019161701, -0.006101225037127733, -0.005819980055093765, -0.00553873460739851, -0.005257489625364542, -0.004976244643330574, -0.004694999661296606, -0.004413754679262638, -0.004132509231567383, -0.003851264249533415, -0.003570019034668803, -0.0032887740526348352, -0.0030075288377702236, -0.0027262838557362556, -0.0024450388737022877, -0.002163793658837676, -0.001882548676803708, -0.0016013035783544183, -0.0013200584799051285, -0.0010388134978711605, -0.0007575683994218707, -0.0004763233009725809, -0.00019507831893861294, 8.616689592599869e-05, 0.00036741187795996666, 0.0006486569764092565, 0.0009299020166508853, 0.0012111470568925142, 0.001492392155341804, 0.0017736372537910938, 0.002054882235825062, 0.0023361274506896734, 0.0026173724327236414, 0.0028986174147576094, 0.003179862629622221, 0.003461107611656189, 0.003742352593690157, 0.004023597575724125, 0.00430484302341938, 0.004586088005453348, 0.004867332987487316]}, "_timestamp": 1683176997.8586502, "gradients/fc.weight": {"_type": "histogram", "values": [1.0, 0.0, 0.0, 0.0, 0.0, 0.0, 0.0, 2.0, 0.0, 1.0, 3.0, 0.0, 1.0, 1.0, 1.0, 1.0, 3.0, 3.0, 4.0, 1.0, 3.0, 0.0, 3.0, 2.0, 4.0, 4.0, 6.0, 8.0, 12.0, 8.0, 12.0, 12.0, 17.0, 12.0, 14.0, 15.0, 14.0, 26.0, 21.0, 25.0, 29.0, 62.0, 275.0, 3608.0, 373.0, 203.0, 117.0, 65.0, 41.0, 33.0, 25.0, 12.0, 11.0, 10.0, 1.0, 2.0, 7.0, 1.0, 0.0, 0.0, 3.0, 1.0, 0.0, 1.0], "bins": [-0.04906153306365013, -0.047926075756549835, -0.04679061844944954, -0.04565516114234924, -0.04451970383524895, -0.04338424652814865, -0.042248789221048355, -0.04111333191394806, -0.03997787833213806, -0.038842421025037766, -0.03770696371793747, -0.03657150641083717, -0.03543604910373688, -0.03430059179663658, -0.033165134489536285, -0.03202968090772629, -0.030894219875335693, -0.029758762568235397, -0.0286233052611351, -0.027487847954034805, -0.02635239064693451, -0.025216933339834213, -0.024081477895379066, -0.02294602058827877, -0.021810563281178474, -0.02067510597407818, -0.019539648666977882, -0.018404191359877586, -0.01726873591542244, -0.016133278608322144, -0.014997821301221848, -0.013862363994121552, -0.012726902961730957, -0.011591445654630661, -0.010455988347530365, -0.009320531971752644, -0.008185074664652348, -0.0070496173575520515, -0.005914160516113043, -0.004778703674674034, -0.003643246367573738, -0.0025077892933040857, -0.0013723322190344334, -0.000236875144764781, 0.0008985819295048714, 0.0020340392366051674, 0.003169496078044176, 0.004304952919483185, 0.005440410226583481, 0.006575867533683777, 0.007711324375122786, 0.008846781216561794, 0.00998223852366209, 0.011117695830762386, 0.012253152206540108, 0.013388609513640404, 0.0145240668207407, 0.015659524127840996, 0.016794981434941292, 0.017930438742041588, 0.019065894186496735, 0.02020135149359703, 0.021336808800697327, 0.022472266107797623, 0.02360772341489792]}, "gradients/fc1.0.bias": {"_type": "histogram", "values": [2.0, 0.0, 0.0, 0.0, 0.0, 0.0, 0.0, 1.0, 2.0, 0.0, 0.0, 1.0, 0.0, 5.0, 1.0, 7.0, 1.0, 7.0, 1.0, 3.0, 9.0, 4.0, 9.0, 10.0, 10.0, 11.0, 10.0, 10.0, 12.0, 13.0, 20.0, 37.0, 141.0, 37.0, 17.0, 22.0, 19.0, 13.0, 7.0, 9.0, 9.0, 5.0, 5.0, 4.0, 4.0, 1.0, 4.0, 4.0, 4.0, 3.0, 5.0, 2.0, 2.0, 0.0, 2.0, 2.0, 1.0, 0.0, 3.0, 0.0, 0.0, 0.0, 0.0, 1.0], "bins": [-0.0041834344156086445, -0.004054550547152758, -0.0039256662130355835, -0.003796782111749053, -0.0036678980104625225, -0.0035390141420066357, -0.003410130040720105, -0.0032812459394335747, -0.003152361838147044, -0.0030234777368605137, -0.002894593635573983, -0.0027657095342874527, -0.002636825665831566, -0.0025079413317143917, -0.002379057463258505, -0.0022501733619719744, -0.002121289260685444, -0.0019924051593989134, -0.0018635210581123829, -0.0017346370732411742, -0.0016057529719546437, -0.0014768688706681132, -0.0013479848857969046, -0.001219100784510374, -0.0010902166832238436, -0.0009613325819373131, -0.0008324485388584435, -0.0007035644957795739, -0.0005746803944930434, -0.00044579629320651293, -0.00031691225012764335, -0.00018802820704877377, -5.914364010095596e-05, 6.974043208174407e-05, 0.0001986245042644441, 0.00032750857644714415, 0.0004563926486298442, 0.0005852767499163747, 0.0007141607929952443, 0.0008430448360741138, 0.0009719289373606443, 0.0011008130386471748, 0.0012296971399337053, 0.001358581124804914, 0.0014874652260914445, 0.001616349327377975, 0.0017452333122491837, 0.0018741174135357141, 0.0020030015148222446, 0.002131885616108775, 0.0022607697173953056, 0.002389653818681836, 0.0025185379199683666, 0.0026474217884242535, 0.002776305889710784, 0.0029051899909973145, 0.003034074092283845, 0.0031629581935703754, 0.003291842294856906, 0.0034207263961434364, 0.0035496102645993233, 0.0036784945987164974, 0.0038073784671723843, 0.003936262801289558, 0.004065146669745445]}, "gradients/fc1.0.weight": {"_type": "histogram", "values": [2.0, 0.0, 0.0, 0.0, 0.0, 1.0, 1.0, 1.0, 0.0, 2.0, 4.0, 0.0, 6.0, 7.0, 10.0, 19.0, 16.0, 24.0, 32.0, 37.0, 57.0, 63.0, 97.0, 109.0, 200.0, 334.0, 453.0, 741.0, 1166.0, 1757.0, 3034.0, 4939.0, 7781.0, 13228.0, 23529.0, 56841.0, 617656.0, 40319.0, 18600.0, 10345.0, 6105.0, 3948.0, 2522.0, 1681.0, 1145.0, 770.0, 553.0, 367.0, 251.0, 152.0, 98.0, 70.0, 42.0, 28.0, 14.0, 14.0, 11.0, 3.0, 3.0, 4.0, 3.0, 1.0, 2.0, 2.0], "bins": [-0.02949449047446251, -0.028683427721261978, -0.027872364968061447, -0.027061302214860916, -0.026250239461660385, -0.025439176708459854, -0.024628113955259323, -0.023817051202058792, -0.02300598844885826, -0.02219492569565773, -0.0213838629424572, -0.020572800189256668, -0.019761737436056137, -0.018950674682855606, -0.018139611929655075, -0.017328549176454544, -0.016517486423254013, -0.015706423670053482, -0.014895360916852951, -0.01408429816365242, -0.013273235410451889, -0.012462172657251358, -0.011651109904050827, -0.010840047150850296, -0.010028986260294914, -0.009217923507094383, -0.008406860753893852, -0.007595798000693321, -0.00678473524749279, -0.0059736729599535465, -0.0051626102067530155, -0.0043515474535524845, -0.003540484234690666, -0.002729421481490135, -0.001918358844704926, -0.0011072962079197168, -0.00029623345471918583, 0.0005148290656507015, 0.0013258918188512325, 0.0021369545720517635, 0.0029480173252522945, 0.0037590800784528255, 0.0045701428316533566, 0.0053812051191926, 0.006192267872393131, 0.007003330625593662, 0.007814393378794193, 0.008625456131994724, 0.009436518885195255, 0.010247581638395786, 0.011058644391596317, 0.011869707144796848, 0.01268076989799738, 0.013491831719875336, 0.014302894473075867, 0.015113957226276398, 0.01592501997947693, 0.01673608273267746, 0.01754714548587799, 0.01835820823907852, 0.019169270992279053, 0.019980333745479584, 0.020791396498680115, 0.021602459251880646, 0.022413522005081177]}, "gradients/conv2.0.weight": {"_type": "histogram",