{"gradients/fc.bias": {"_type": "histogram", "values": [1.0, 0.0, 0.0, 0.0, 0.0, 0.0, 0.0, 0.0, 0.0, 0.0, 0.0, 1.0, 0.0, 0.0, 0.0, 0.0, 0.0, 0.0, 0.0, 0.0, 1.0, 0.0, 0.0, 0.0, 0.0, 0.0, 0.0, 0.0, 0.0, 0.0, 0.0, 0.0, 0.0, 0.0, 0.0, 1.0, 0.0, 0.0, 0.0, 0.0, 0.0, 0.0, 1.0, 0.0, 0.0, 0.0, 0.0, 0.0, 0.0, 0.0, 0.0, 1.0, 0.0, 0.0, 0.0, 1.0, 0.0, 1.0, 0.0, 0.0, 0.0, 0.0, 1.0, 1.0], "bins": [-0.17542721331119537, -0.1710425764322281, -0.1666579395532608, -0.16227328777313232, -0.15788865089416504, -0.15350401401519775, -0.14911937713623047, -0.14473474025726318, -0.1403501033782959, -0.1359654664993286, -0.13158082962036133, -0.12719617784023285, -0.12281154096126556, -0.11842690408229828, -0.114042267203331, -0.10965763032436371, -0.10527297854423523, -0.10088834166526794, -0.09650369733572006, -0.09211906045675278, -0.0877344161272049, -0.08334977924823761, -0.07896514236927032, -0.07458050549030304, -0.07019586116075516, -0.06581122428178787, -0.06142657995223999, -0.057041943073272705, -0.05265730246901512, -0.04827266186475754, -0.04388802498579025, -0.03950338438153267, -0.03511872887611389, -0.030734088271856308, -0.026349449530243874, -0.02196481078863144, -0.017580170184373856, -0.013195529580116272, -0.008810890838503838, -0.004426252096891403, -4.161149263381958e-05, 0.004343028180301189, 0.008727667853236198, 0.013112307526171207, 0.017496947199106216, 0.0218815878033638, 0.026266226544976234, 0.03065086528658867, 0.03503550589084625, 0.039420146495103836, 0.04380478709936142, 0.048189423978328705, 0.05257406458258629, 0.05695870518684387, 0.06134334206581116, 0.06572797894477844, 0.07011262327432632, 0.07449726015329361, 0.07888190448284149, 0.08326654136180878, 0.08765117824077606, 0.09203582257032394, 0.09642045944929123, 0.10080510377883911, 0.1051897406578064]}, "_timestamp": 1683181940.0051367, "gradients/fc.weight": {"_type": "histogram", "values": [1.0, 1.0, 0.0, 1.0, 0.0, 0.0, 1.0, 1.0, 3.0, 3.0, 4.0, 5.0, 3.0, 9.0, 14.0, 19.0, 13.0, 32.0, 26.0, 31.0, 51.0, 41.0, 56.0, 81.0, 90.0, 117.0, 131.0, 156.0, 202.0, 264.0, 1470.0, 780.0, 516.0, 343.0, 240.0, 115.0, 86.0, 53.0, 42.0, 20.0, 25.0, 7.0, 3.0, 11.0, 6.0, 7.0, 4.0, 2.0, 3.0, 6.0, 4.0, 4.0, 5.0, 1.0, 4.0, 2.0, 2.0, 1.0, 0.0, 0.0, 1.0, 0.0, 0.0, 1.0], "bins": [-0.2955300211906433, -0.2858639359474182, -0.2761978507041931, -0.266531765460968, -0.2568657100200653, -0.2471996247768402, -0.2375335395336151, -0.22786745429039001, -0.21820136904716492, -0.20853528380393982, -0.19886921346187592, -0.18920312821865082, -0.17953704297542572, -0.16987097263336182, -0.16020488739013672, -0.15053880214691162, -0.14087273180484772, -0.13120664656162262, -0.12154056876897812, -0.11187449097633362, -0.10220840573310852, -0.09254232794046402, -0.08287625014781952, -0.07321016490459442, -0.06354408711194992, -0.05387800559401512, -0.04421192407608032, -0.03454584628343582, -0.024879764765501022, -0.015213683247566223, -0.005547605454921722, 0.004118479788303375, 0.013784557580947876, 0.023450639098882675, 0.033116720616817474, 0.042782798409461975, 0.052448879927396774, 0.062114961445331573, 0.07178103923797607, 0.08144712448120117, 0.09111320227384567, 0.10077928006649017, 0.11044536530971527, 0.12011144310235977, 0.12977752089500427, 0.13944360613822937, 0.14910969138145447, 0.15877577662467957, 0.16844184696674347, 0.17810793220996857, 0.18777400255203247, 0.19744008779525757, 0.20710617303848267, 0.21677225828170776, 0.22643832862377167, 0.23610441386699677, 0.24577048420906067, 0.25543656945228577, 0.26510265469551086, 0.2747687101364136, 0.28443479537963867, 0.29410088062286377, 0.30376696586608887, 0.31343305110931396, 0.32309913635253906]}, "gradients/fc1.0.bias": {"_type": "histogram", "values": [1.0, 1.0, 0.0, 2.0, 2.0, 1.0, 0.0, 1.0, 2.0, 3.0, 4.0, 5.0, 8.0, 4.0, 7.0, 14.0, 12.0, 10.0, 9.0, 9.0, 13.0, 11.0, 14.0, 27.0, 20.0, 81.0, 25.0, 36.0, 24.0, 21.0, 16.0, 10.0, 22.0, 17.0, 14.0, 11.0, 6.0, 3.0, 8.0, 8.0, 6.0, 3.0, 3.0, 1.0, 3.0, 2.0, 1.0, 0.0, 1.0, 2.0, 2.0, 1.0, 2.0, 0.0, 0.0, 0.0, 0.0, 1.0, 0.0, 0.0, 0.0, 1.0, 0.0, 1.0], "bins": [-0.029145507141947746, -0.02801153063774109, -0.02687755413353443, -0.025743577629327774, -0.024609601125121117, -0.02347562462091446, -0.02234164997935295, -0.021207671612501144, -0.020073696970939636, -0.01893972046673298, -0.01780574396252632, -0.016671767458319664, -0.015537790954113007, -0.01440381444990635, -0.013269838877022266, -0.012135862372815609, -0.011001884937286377, -0.00986790843307972, -0.008733931928873062, -0.007599955890327692, -0.006465979386121035, -0.005332002881914377, -0.004198026843369007, -0.0030640503391623497, -0.0019300738349556923, -0.0007960974471643567, 0.0003378789406269789, 0.0014718552120029926, 0.00260583171620965, 0.0037398082204163074, 0.0048737842589616776, 0.006007760763168335, 0.007141735404729843, 0.0082757119089365, 0.009409688413143158, 0.010543664917349815, 0.011677641421556473, 0.01281161792576313, 0.013945593498647213, 0.01507957000285387, 0.016213547438383102, 0.01734752394258976, 0.018481500446796417, 0.019615476951003075, 0.020749453455209732, 0.02188342995941639, 0.023017406463623047, 0.024151381105184555, 0.025285357609391212, 0.02641933411359787, 0.027553310617804527, 0.028687287122011185, 0.029821263626217842, 0.0309552401304245, 0.03208921477198601, 0.033223193138837814, 0.03435716778039932, 0.03549114242196083, 0.03662512078881264, 0.037759095430374146, 0.03889307379722595, 0.04002704843878746, 0.04116102680563927, 0.042295001447200775, 0.04342897981405258]}, "gradients/fc1.0.weight": {"_type": "histogram", "values": [2.0, 1.0, 0.0, 2.0, 5.0, 2.0, 7.0, 12.0, 19.0, 9.0, 20.0, 38.0, 73.0, 109.0, 132.0, 202.0, 302.0, 465.0, 702.0, 1033.0, 1560.0, 2430.0, 3668.0, 5937.0, 8969.0, 13953.0, 21824.0, 35194.0, 59323.0, 119173.0, 288749.0, 96061.0, 56139.0, 34922.0, 22587.0, 14468.0, 9640.0, 6493.0, 4372.0, 3198.0, 2157.0, 1452.0, 1069.0, 745.0, 513.0, 400.0, 266.0, 193.0, 171.0, 114.0, 95.0, 55.0, 43.0, 25.0, 29.0, 23.0, 13.0, 11.0, 14.0, 7.0, 4.0, 3.0, 1.0, 2.0], "bins": [-0.06969132274389267, -0.06738819181919098, -0.06508506089448929, -0.062781922519207, -0.06047879159450531, -0.05817566066980362, -0.05587252974510193, -0.05356939509510994, -0.05126626044511795, -0.04896312952041626, -0.04665999487042427, -0.04435686394572258, -0.04205372929573059, -0.0397505983710289, -0.03744746744632721, -0.03514433279633522, -0.03284120187163353, -0.03053806908428669, -0.02823493629693985, -0.02593180537223816, -0.02362867072224617, -0.02132553979754448, -0.01902240701019764, -0.0167192742228508, -0.01441614143550396, -0.01211300864815712, -0.00980987586081028, -0.0075067440047860146, -0.005203611217439175, -0.0029004784300923347, -0.0005973465740680695, 0.0017057862132787704, 0.00400891900062561, 0.00631205178797245, 0.00861518457531929, 0.010918316431343555, 0.013221449218690395, 0.015524582006037235, 0.0178277138620615, 0.02013084664940834, 0.02243397943675518, 0.02473711222410202, 0.02704024501144886, 0.0293433777987957, 0.03164650872349739, 0.03394964337348938, 0.03625277429819107, 0.03855590522289276, 0.04085903987288475, 0.04316217079758644, 0.04546530544757843, 0.04776843637228012, 0.05007157102227211, 0.0523747019469738, 0.05467783659696579, 0.05698096752166748, 0.05928409844636917, 0.06158722937107086, 0.06389036029577255, 0.06619349867105484, 0.06849662959575653, 0.07079976052045822, 0.07310289144515991, 0.0754060298204422, 0.07770916074514389]}, "gradients/conv2.0.weight": {"_type": "histogram", "values": [1.0, 0.0, 1.0, 1.0, 5.0, 0.0, 7.0, 3.0, 3.0, 10.0, 12.0, 7.0, 30.0, 25.0, 47.0, 59.0, 88.0, 136.0, 169.0, 278.0, 386.0, 577.0, 872.0, 1220.0, 1661.0, 2374.0, 3233.0, 4363.0, 5942.0, 6724.0, 5672.0, 4503.0, 3164.0, 2388.0, 1774.0, 1342.0, 981.0, 731.0, 587.0, 398.0, 352.0, 256.0, 201.0, 144.0, 112.0, 81.0, 62.0, 56.0, 45.0, 35.0, 18.0, 17.0, 16.0, 4.0, 11.0, 2.0, 3.0, 1.0, 3.0, 3.0, 1.0, 2.0, 0.0, 1.0],