{"avg_train_loss": 0.03157959251662477, "test_acc": 0.7256666666666667, "_timestamp": 1683178870.2555432, "_runtime": 211.20361328125, "_step": 20, "_wandb": {"runtime": 211}}