{"avg_train_loss": 0.011043936236698021, "test_acc": 0.5761333333333334, "_timestamp": 1683185267.4152193, "_runtime": 2093.0400722026825, "_step": 400, "_wandb": {"runtime": 2092}}