{"gradients/fc.bias": {"_type": "histogram", "values": [1.0, 0.0, 0.0, 0.0, 0.0, 0.0, 0.0, 0.0, 0.0, 0.0, 0.0, 0.0, 0.0, 0.0, 0.0, 0.0, 0.0, 0.0, 0.0, 0.0, 0.0, 0.0, 0.0, 0.0, 0.0, 0.0, 0.0, 0.0, 0.0, 1.0, 0.0, 0.0, 0.0, 0.0, 0.0, 0.0, 0.0, 0.0, 0.0, 0.0, 0.0, 1.0, 2.0, 1.0, 0.0, 0.0, 1.0, 1.0, 0.0, 0.0, 0.0, 0.0, 0.0, 0.0, 0.0, 0.0, 0.0, 0.0, 1.0, 0.0, 0.0, 0.0, 0.0, 1.0], "bins": [-0.003889400279149413, -0.0037959611508995295, -0.003702521789819002, -0.0036090826615691185, -0.003515643533319235, -0.003422204405069351, -0.003328765043988824, -0.0032353259157389402, -0.003141886554658413, -0.0030484474264085293, -0.002955008065328002, -0.0028615689370781183, -0.0027681298088282347, -0.0026746904477477074, -0.0025812513194978237, -0.00248781219124794, -0.0023943730629980564, -0.0023009339347481728, -0.0022074945736676455, -0.002114055445417762, -0.002020616317167878, -0.0019271770725026727, -0.0018337378278374672, -0.0017402986995875835, -0.001646859454922378, -0.0015534202102571726, -0.001459981082007289, -0.0013665418373420835, -0.001273102592676878, -0.0011796634644269943, -0.0010862242197617888, -0.0009927849750965834, -0.0008993456140160561, -0.0008059064275585115, -0.0007124672411009669, -0.0006190279964357615, -0.0005255888099782169, -0.0004321496235206723, -0.00033871037885546684, -0.0002452711923979223, -0.0001518320059403777, -5.839280493091792e-05, 3.5046396078541875e-05, 0.0001284856116399169, 0.00022192479809746146, 0.00031536398455500603, 0.0004088032292202115, 0.0005022424156777561, 0.0005956816021353006, 0.0006891207885928452, 0.0007825599750503898, 0.0008759992197155952, 0.0009694384061731398, 0.0010628775926306844, 0.0011563168372958899, 0.0012497559655457735, 0.001343195210210979, 0.0014366344548761845, 0.0015300735831260681, 0.0016235128277912736, 0.001716952072456479, 0.0018103912007063627, 0.0019038304453715682, 0.0019972696900367737, 0.0020907088182866573]}, "_timestamp": 1683177578.537144, "gradients/fc.weight": {"_type": "histogram", "values": [1.0, 1.0, 0.0, 1.0, 3.0, 0.0, 0.0, 2.0, 2.0, 2.0, 2.0, 1.0, 1.0, 4.0, 1.0, 5.0, 4.0, 7.0, 10.0, 12.0, 15.0, 12.0, 17.0, 19.0, 14.0, 17.0, 8.0, 22.0, 23.0, 23.0, 35.0, 39.0, 39.0, 38.0, 66.0, 92.0, 3381.0, 523.0, 198.0, 108.0, 83.0, 64.0, 42.0, 32.0, 14.0, 20.0, 10.0, 15.0, 16.0, 8.0, 16.0, 12.0, 8.0, 7.0, 4.0, 3.0, 4.0, 4.0, 3.0, 0.0, 1.0, 2.0, 3.0, 1.0], "bins": [-0.013281019404530525, -0.012918921187520027, -0.012556822039186954, -0.012194723822176456, -0.011832625605165958, -0.011470526456832886, -0.011108428239822388, -0.01074633002281189, -0.010384230874478817, -0.010022132657468319, -0.009660033509135246, -0.009297935292124748, -0.00893583707511425, -0.008573737926781178, -0.00821163970977068, -0.007849540561437607, -0.007487442810088396, -0.007125344127416611, -0.006763245910406113, -0.006401147227734327, -0.006039048545062542, -0.005676950328052044, -0.0053148516453802586, -0.004952752962708473, -0.004590654745697975, -0.00422855606302619, -0.003866457613185048, -0.0035043591633439064, -0.003142260480672121, -0.0027801620308309793, -0.0024180635809898376, -0.0020559648983180523, -0.001693866215646267, -0.0013317676493898034, -0.0009696691413410008, -0.0006075706332921982, -0.00024547206703573465, 0.00011662649922072887, 0.0004787249490618706, 0.0008408236317336559, 0.0012029220815747976, 0.0015650206478312612, 0.0019271192140877247, 0.0022892176639288664, 0.002651316113770008, 0.0030134147964417934, 0.003375513246282935, 0.0037376119289547205, 0.004099710378795862, 0.0044618090614676476, 0.004823907278478146, 0.005186005961149931, 0.005548104643821716, 0.005910202860832214, 0.006272301543504, 0.006634400226175785, 0.006996498443186283, 0.0073585971258580685, 0.0077206953428685665, 0.008082794025540352, 0.00844489224255085, 0.008806991390883923, 0.00916908960789442, 0.009531188756227493, 0.009893286973237991]}, "gradients/fc1.0.bias": {"_type": "histogram", "values": [1.0, 0.0, 1.0, 1.0, 1.0, 1.0, 0.0, 2.0, 0.0, 1.0, 2.0, 3.0, 3.0, 2.0, 3.0, 2.0, 1.0, 1.0, 4.0, 3.0, 1.0, 8.0, 8.0, 11.0, 4.0, 7.0, 12.0, 11.0, 19.0, 17.0, 17.0, 17.0, 29.0, 59.0, 83.0, 13.0, 17.0, 14.0, 15.0, 19.0, 8.0, 11.0, 5.0, 11.0, 13.0, 9.0, 4.0, 6.0, 4.0, 5.0, 9.0, 4.0, 0.0, 1.0, 1.0, 2.0, 0.0, 2.0, 0.0, 1.0, 2.0, 0.0, 0.0, 1.0], "bins": [-0.0013102248776704073, -0.0012717365752905607, -0.0012332482729107141, -0.0011947599705308676, -0.001156271668151021, -0.0011177833657711744, -0.0010792950633913279, -0.0010408066445961595, -0.0010023183422163129, -0.0009638300398364663, -0.0009253417374566197, -0.0008868534350767732, -0.0008483650744892657, -0.0008098767721094191, -0.0007713884697295725, -0.000732900109142065, -0.0006944118649698794, -0.0006559235625900328, -0.0006174352602101862, -0.0005789468996226788, -0.0005404585972428322, -0.0005019702948629856, -0.00046348199248313904, -0.000424993660999462, -0.00038650535861961544, -0.00034801705623976886, -0.00030952872475609183, -0.00027104042237624526, -0.00023255210544448346, -0.00019406378851272166, -0.00015557548613287508, -0.00011708715464919806, -7.859885226935148e-05, -4.011053897556849e-05, -1.622225681785494e-06, 3.686608397401869e-05, 7.53544009057805e-05, 0.0001138427178375423, 0.00015233102021738887, 0.0001908193517010659, 0.00022930765408091247, 0.00026779595646075904, 0.0003062842879444361, 0.00034477259032428265, 0.0003832608927041292, 0.00042174922418780625, 0.0004602375265676528, 0.0004987258580513299, 0.0005372141604311764, 0.000575702462811023, 0.0006141907651908696, 0.0006526791257783771, 0.0006911674281582236, 0.0007296557305380702, 0.0007681440329179168, 0.0008066323352977633, 0.0008451206376776099, 0.0008836089400574565, 0.0009220972424373031, 0.0009605855448171496, 0.0009990738471969962, 0.0010375622659921646, 0.0010760505683720112, 0.0011145388707518578, 0.0011530271731317043]}, "gradients/fc1.0.weight": {"_type": "histogram", "values": [3.0, 1.0, 2.0, 2.0, 1.0, 1.0, 3.0, 3.0, 3.0, 8.0, 14.0, 7.0, 27.0, 38.0, 52.0, 86.0, 122.0, 148.0, 210.0, 320.0, 444.0, 621.0, 873.0, 1263.0, 1876.0, 2732.0, 4293.0, 7022.0, 12039.0, 22132.0, 47303.0, 556166.0, 85917.0, 31809.0, 16884.0, 9830.0, 6044.0, 3762.0, 2414.0, 1575.0, 1021.0, 628.0, 448.0, 306.0, 230.0, 143.0, 110.0, 82.0, 51.0, 22.0, 39.0, 31.0, 12.0, 8.0, 5.0, 1.0, 3.0, 1.0, 2.0, 0.0, 1.0, 2.0, 0.0, 4.0], "bins": [-0.009633510373532772, -0.009330661036074162, -0.009027811698615551, -0.008724961429834366, -0.008422112092375755, -0.008119262754917145, -0.007816413417458534, -0.007513564079999924, -0.007210714276880026, -0.006907864939421415, -0.0066050151363015175, -0.006302165798842907, -0.005999316461384296, -0.005696466658264399, -0.005393617320805788, -0.00509076751768589, -0.00478791818022728, -0.004485068842768669, -0.004182219039648771, -0.0038793697021901608, -0.0035765201319009066, -0.0032736705616116524, -0.002970821224153042, -0.0026679716538637877, -0.0023651220835745335, -0.0020622725132852793, -0.001759423059411347, -0.0014565736055374146, -0.0011537240352481604, -0.0008508744649589062, -0.0005480250110849738, -0.00024517555721104145, 5.767401307821274e-05, 0.000360523525159806, 0.0006633730372413993, 0.0009662225493229926, 0.0012690720614045858, 0.00157192163169384, 0.0018747710855677724, 0.0021776205394417048, 0.002480470109730959, 0.002783319680020213, 0.0030861692503094673, 0.003389018587768078, 0.003691868158057332, 0.003994717728346586, 0.004297567065805197, 0.004600416868925095, 0.004903266206383705, 0.005206115543842316, 0.0055089653469622135, 0.005811814684420824, 0.006114664487540722, 0.006417513824999332, 0.006720363162457943, 0.0070232124999165535, 0.007326062303036451, 0.007628911640495062, 0.00793176144361496, 0.00823461078107357, 0.00853746011853218, 0.008840309455990791, 0.009143159724771976, 0.009446009062230587, 0.009748858399689198]}, "gradients/conv2.0.weight": {"_type": "histogram",