{"avg_train_loss": 0.03179086619284256, "test_acc": 0.7333333333333333, "_timestamp": 1683179024.6307335, "_runtime": 365.9231035709381, "_step": 41, "gradients/fc.bias": {"_type": "histogram", "values": [1.0, 0.0, 0.0, 0.0, 0.0, 0.0, 0.0, 0.0, 0.0, 0.0, 0.0, 0.0, 0.0, 0.0, 0.0, 0.0, 0.0, 0.0, 0.0, 0.0, 0.0, 0.0, 0.0, 0.0, 0.0, 0.0, 0.0, 0.0, 0.0, 2.0, 0.0, 3.0, 1.0, 1.0, 1.0, 0.0, 0.0, 0.0, 0.0, 0.0, 0.0, 0.0, 0.0, 0.0, 0.0, 0.0, 0.0, 0.0, 0.0, 0.0, 0.0, 0.0, 0.0, 0.0, 0.0, 0.0, 0.0, 0.0, 0.0, 0.0, 0.0, 0.0, 0.0, 1.0], "bins": [-0.006529764272272587, -0.00632509496062994, -0.006120425183326006, -0.005915755406022072, -0.005711086094379425, -0.005506416782736778, -0.005301747005432844, -0.00509707722812891, -0.004892407916486263, -0.0046877386048436165, -0.004483068827539682, -0.004278399050235748, -0.0040737297385931015, -0.003869060194119811, -0.0036643906496465206, -0.00345972110517323, -0.0032550515606999397, -0.0030503820162266493, -0.002845712471753359, -0.0026410429272800684, -0.002436373382806778, -0.0022317038383334875, -0.002027034293860197, -0.0018223647493869066, -0.0016176952049136162, -0.0014130256604403257, -0.0012083561159670353, -0.0010036865714937449, -0.0007990170270204544, -0.000594347482547164, -0.0003896779380738735, -0.00018500839360058308, 1.966068521142006e-05, 0.0002243302296847105, 0.00042899977415800095, 0.0006336693186312914, 0.0008383388631045818, 0.0010430084075778723, 0.0012476779520511627, 0.0014523474965244532, 0.0016570170409977436, 0.001861686585471034, 0.0020663561299443245, 0.002271025674417615, 0.0024756952188909054, 0.002680364763364196, 0.0028850343078374863, 0.0030897038523107767, 0.003294373396784067, 0.0034990429412573576, 0.003703712485730648, 0.003908381797373295, 0.004113051574677229, 0.004317721351981163, 0.00452239066362381, 0.004727059975266457, 0.004931729752570391, 0.005136399529874325, 0.005341068841516972, 0.005545738153159618, 0.0057504079304635525, 0.005955077707767487, 0.006159747019410133, 0.00636441633105278, 0.006569086108356714]}, "gradients/fc.weight": {"_type": "histogram", "values": [1.0, 0.0, 0.0, 0.0, 0.0, 0.0, 1.0, 0.0, 0.0, 0.0, 1.0, 1.0, 1.0, 1.0, 0.0, 5.0, 4.0, 2.0, 5.0, 3.0, 4.0, 10.0, 10.0, 2.0, 11.0, 9.0, 17.0, 14.0, 16.0, 21.0, 23.0, 23.0, 24.0, 28.0, 45.0, 111.0, 4192.0, 235.0, 45.0, 34.0, 31.0, 31.0, 26.0, 28.0, 19.0, 19.0, 17.0, 11.0, 1.0, 10.0, 9.0, 2.0, 2.0, 3.0, 2.0, 3.0, 0.0, 2.0, 2.0, 1.0, 0.0, 0.0, 1.0, 1.0], "bins": [-0.05773991346359253, -0.05615881085395813, -0.05457770824432373, -0.05299660190939903, -0.05141549929976463, -0.049834396690130234, -0.048253294080495834, -0.046672187745571136, -0.04509108513593674, -0.04350998252630234, -0.04192887991666794, -0.04034777358174324, -0.03876667097210884, -0.03718556836247444, -0.03560446575284004, -0.034023359417915344, -0.032442256808280945, -0.030861154198646545, -0.029280049726366997, -0.027698947116732597, -0.02611784264445305, -0.02453674003481865, -0.02295563742518425, -0.0213745329529047, -0.01979343220591545, -0.01821232959628105, -0.016631225124001503, -0.015050122514367104, -0.013469018042087555, -0.011887915432453156, -0.010306811891496181, -0.008725708350539207, -0.007144603878259659, -0.005563500337302685, -0.003982396796345711, -0.002401293721050024, -0.00082019018009305, 0.0007609128952026367, 0.0023420164361596107, 0.003923119977116585, 0.005504223518073559, 0.007085327059030533, 0.008666430599987507, 0.010247534140944481, 0.01182863675057888, 0.013409740291535854, 0.014990843832492828, 0.016571946442127228, 0.018153050914406776, 0.019734153524041176, 0.021315257996320724, 0.022896360605955124, 0.024477465078234673, 0.026058567687869072, 0.02763967216014862, 0.02922077476978302, 0.03080187737941742, 0.03238297998905182, 0.03396408259868622, 0.035545188933610916, 0.037126291543245316, 0.038707394152879715, 0.040288496762514114, 0.04186960309743881, 0.04345070570707321]}, "gradients/fc1.0.bias": {"_type": "histogram", "values": [2.0, 0.0, 0.0, 0.0, 2.0, 0.0, 1.0, 2.0, 4.0, 1.0, 1.0, 7.0, 5.0, 1.0, 1.0, 4.0, 4.0, 3.0, 2.0, 3.0, 8.0, 9.0, 5.0, 9.0, 7.0, 11.0, 7.0, 12.0, 12.0, 20.0, 165.0, 59.0, 15.0, 19.0, 10.0, 6.0, 12.0, 10.0, 9.0, 4.0, 9.0, 7.0, 7.0, 4.0, 7.0, 6.0, 4.0, 4.0, 2.0, 2.0, 2.0, 2.0, 1.0, 0.0, 0.0, 1.0, 0.0, 0.0, 0.0, 1.0, 0.0, 0.0, 0.0, 1.0], "bins": [-0.00350203737616539, -0.0033887182362377644, -0.003275398863479495, -0.0031620797235518694, -0.0030487603507936, -0.0029354412108659744, -0.0028221220709383488, -0.0027088026981800795, -0.00259548332542181, -0.0024821641854941845, -0.002368844812735915, -0.0022555256728082895, -0.0021422063000500202, -0.0020288871601223946, -0.001915567903779447, -0.0018022486474364996, -0.001688929507508874, -0.0015756102511659265, -0.001462290994822979, -0.0013489718548953533, -0.001235652482137084, -0.0011223333422094584, -0.0010090140858665109, -0.0008956948295235634, -0.0007823755731806159, -0.0006690563168376684, -0.0005557370604947209, -0.00044241786235943437, -0.0003290986060164869, -0.0002157793496735394, -0.00010246015153825283, 1.0859104804694653e-05, 0.00012417836114764214, 0.0002374976029386744, 0.00035081684472970665, 0.00046413607196882367, 0.0005774553283117712, 0.0006907745846547186, 0.0008040937827900052, 0.0009174130391329527, 0.0010307322954759002, 0.0011440515518188477, 0.0012573708081617951, 0.0013706900645047426, 0.0014840092044323683, 0.0015973285771906376, 0.0017106477171182632, 0.0018239669734612107, 0.0019372862298041582, 0.002050605369731784, 0.002163924742490053, 0.002277243882417679, 0.002390563255175948, 0.002503882395103574, 0.002617201767861843, 0.0027305209077894688, 0.0028438400477170944, 0.00295715918764472, 0.0030704785604029894, 0.003183797700330615, 0.0032971170730888844, 0.00341043621301651, 0.0035237553529441357, 0.003637074725702405, 0.0037503940984606743]}, "gradients/fc1.0.weight": {"_type": "histogram", "values": [2.0, 0.0, 1.0, 1.0, 1.0, 4.0, 2.0, 7.0, 11.0, 11.0, 17.0, 18.0, 23.0, 37.0, 43.0, 56.0, 96.0, 107.0, 176.0, 225.0, 314.0, 451.0, 700.0, 897.0, 1369.0, 1922.0, 2842.0, 3977.0, 5745.0, 8737.0, 14105.0, 23769.0, 60140.0, 600855.0, 38251.0, 20597.0, 12173.0, 7596.0, 4895.0, 3164.0, 2051.0, 1296.0, 801.0, 525.0, 369.0, 262.0, 165.0, 104.0, 87.0, 62.0, 40.0, 31.0, 21.0, 13.0, 13.0, 7.0, 3.0, 4.0, 1.0, 4.0, 0.0, 3.0, 0.0, 1.0], "bins": [-0.02919895015656948, -0.02832167036831379, -0.02744438871741295, -0.026567108929157257, -0.025689829140901566, -0.024812549352645874, -0.023935267701745033, -0.023057987913489342, -0.0221807062625885, -0.02130342647433281, -0.02042614482343197, -0.019548865035176277, -0.018671585246920586, -0.017794303596019745, -0.016917023807764053, -0.016039744019508362, -0.01516246423125267, -0.014285183511674404, -0.013407903723418713, -0.012530623003840446, -0.011653343215584755, -0.010776062496006489, -0.009898781776428223, -0.009021501988172531, -0.008144221268594265, -0.007266941014677286, -0.006389660760760307, -0.005512380041182041, -0.004635099787265062, -0.0037578195333480835, -0.0028805388137698174, -0.0020032585598528385, -0.001125980168581009, -0.00024869979824870825, 0.0006285805720835924, 0.001505861058831215, 0.0023831413127481937, 0.0032604215666651726, 0.004137702286243439, 0.0050149825401604176, 0.005892262794077396, 0.006769543047994375, 0.007646823301911354, 0.00852410402148962, 0.009401384741067886, 0.010278664529323578, 0.011155945248901844, 0.01203322596848011, 0.012910505756735802, 0.013787786476314068, 0.01466506626456976, 0.015542346984148026, 0.016419626772403717, 0.01729690656065941, 0.01817418821156025, 0.01905146799981594, 0.01992874965071678, 0.020806029438972473, 0.021683311089873314, 0.022560590878129005, 0.023437870666384697, 0.024315152317285538, 0.02519243210554123, 0.02606971189379692, 0.026946991682052612]}, "gradients/conv2.0.weight": {"_type": "histogram",