{"gradients/fc.bias": {"_type": "histogram", "values": [1.0, 0.0, 0.0, 0.0, 0.0, 0.0, 0.0, 0.0, 0.0, 0.0, 0.0, 0.0, 0.0, 0.0, 0.0, 0.0, 0.0, 0.0, 0.0, 0.0, 0.0, 0.0, 0.0, 0.0, 0.0, 0.0, 0.0, 0.0, 0.0, 0.0, 0.0, 4.0, 4.0, 0.0, 0.0, 0.0, 0.0, 0.0, 0.0, 0.0, 0.0, 0.0, 0.0, 0.0, 0.0, 0.0, 0.0, 0.0, 0.0, 0.0, 0.0, 0.0, 0.0, 0.0, 0.0, 0.0, 0.0, 0.0, 0.0, 0.0, 0.0, 0.0, 0.0, 1.0], "bins": [-0.03620940074324608, -0.03507797420024872, -0.03394654393196106, -0.0328151136636734, -0.03168368712067604, -0.03055225871503353, -0.02942083030939102, -0.028289401903748512, -0.027157973498106003, -0.026026545092463493, -0.024895116686820984, -0.023763688281178474, -0.022632259875535965, -0.021500831469893456, -0.020369403064250946, -0.019237974658608437, -0.018106546252965927, -0.016975117847323418, -0.015843689441680908, -0.014712261036038399, -0.01358083263039589, -0.01244940422475338, -0.01131797581911087, -0.010186547413468361, -0.009055119007825851, -0.007923690602183342, -0.0067922621965408325, -0.005660833790898323, -0.004529405385255814, -0.003397976979613304, -0.0022665485739707947, -0.0011351201683282852, -3.6954879760742188e-06, 0.0011277329176664352, 0.0022591613233089447, 0.003390589728951454, 0.004522018134593964, 0.005653446540236473, 0.0067848749458789825, 0.007916303351521492, 0.009047731757164001, 0.010179160162806511, 0.01131058856844902, 0.01244201697409153, 0.01357344537973404, 0.014704873785376549, 0.015836302191019058, 0.016967730596661568, 0.018099159002304077, 0.019230587407946587, 0.020362015813589096, 0.021493444219231606, 0.022624872624874115, 0.023756301030516624, 0.024887729436159134, 0.026019157841801643, 0.027150586247444153, 0.028282014653086662, 0.029413443058729172, 0.03054487146437168, 0.03167629987001419, 0.03280773013830185, 0.03393915668129921, 0.03507058322429657, 0.03620201349258423]}, "_timestamp": 1683099521.7488415, "gradients/fc.weight": {"_type": "histogram", "values": [1.0, 0.0, 0.0, 0.0, 0.0, 3.0, 2.0, 1.0, 2.0, 5.0, 5.0, 2.0, 4.0, 6.0, 5.0, 1.0, 6.0, 5.0, 5.0, 6.0, 9.0, 5.0, 7.0, 13.0, 10.0, 19.0, 9.0, 18.0, 8.0, 13.0, 21.0, 743.0, 3994.0, 22.0, 13.0, 8.0, 18.0, 9.0, 19.0, 10.0, 13.0, 7.0, 5.0, 9.0, 6.0, 5.0, 5.0, 6.0, 0.0, 6.0, 6.0, 4.0, 2.0, 5.0, 5.0, 2.0, 1.0, 2.0, 3.0, 0.0, 0.0, 0.0, 0.0, 1.0], "bins": [-0.3794078230857849, -0.36755239963531494, -0.35569697618484497, -0.3438415825366974, -0.3319861590862274, -0.32013073563575745, -0.30827534198760986, -0.2964199185371399, -0.2845644950866699, -0.27270907163619995, -0.26085364818573, -0.2489982545375824, -0.23714283108711243, -0.22528740763664246, -0.21343199908733368, -0.2015765905380249, -0.18972116708755493, -0.17786574363708496, -0.16601033508777618, -0.1541549265384674, -0.14229950308799744, -0.13044407963752747, -0.11858867108821869, -0.10673325508832932, -0.09487783908843994, -0.08302242308855057, -0.0711670070886612, -0.05931159108877182, -0.047456175088882446, -0.03560075908899307, -0.0237453430891037, -0.011889927089214325, -3.454089164733887e-05, 0.011820875108242035, 0.02367629110813141, 0.03553170710802078, 0.047387123107910156, 0.05924253910779953, 0.0710979551076889, 0.08295337110757828, 0.09480878710746765, 0.10666420310735703, 0.1185196191072464, 0.13037502765655518, 0.14223045110702515, 0.15408587455749512, 0.1659412831068039, 0.17779669165611267, 0.18965211510658264, 0.2015075385570526, 0.2133629471063614, 0.22521835565567017, 0.23707377910614014, 0.2489292025566101, 0.2607846260070801, 0.27264001965522766, 0.28449544310569763, 0.2963508665561676, 0.3082062602043152, 0.32006168365478516, 0.3319171071052551, 0.3437725305557251, 0.35562795400619507, 0.36748334765434265, 0.3793387711048126]}, "gradients/fc1.0.bias": {"_type": "histogram", "values": [1.0, 1.0, 2.0, 0.0, 0.0, 0.0, 0.0, 1.0, 2.0, 2.0, 0.0, 1.0, 2.0, 0.0, 2.0, 4.0, 3.0, 1.0, 3.0, 2.0, 6.0, 1.0, 1.0, 3.0, 3.0, 1.0, 5.0, 6.0, 3.0, 6.0, 9.0, 9.0, 7.0, 6.0, 46.0, 268.0, 8.0, 7.0, 5.0, 6.0, 6.0, 4.0, 10.0, 7.0, 5.0, 7.0, 4.0, 0.0, 4.0, 5.0, 3.0, 2.0, 2.0, 3.0, 1.0, 3.0, 4.0, 3.0, 1.0, 0.0, 1.0, 0.0, 2.0, 2.0], "bins": [-0.01659746654331684, -0.016125502064824104, -0.015653539448976517, -0.015181575901806355, -0.014709612354636192, -0.01423764880746603, -0.013765685260295868, -0.013293720781803131, -0.012821758165955544, -0.012349794618785381, -0.011877831071615219, -0.011405867524445057, -0.010933903977274895, -0.010461940430104733, -0.00998997688293457, -0.009518012404441833, -0.009046048857271671, -0.008574085310101509, -0.008102121762931347, -0.007630158215761185, -0.0071581946685910225, -0.00668623112142086, -0.006214267108589411, -0.005742303561419249, -0.005270340014249086, -0.004798376467078924, -0.004326412919908762, -0.003854449139907956, -0.003382485592737794, -0.0029105220455676317, -0.002438558265566826, -0.0019665947183966637, -0.001494632102549076, -0.0010226685553789139, -0.0005507048917934299, -7.874122820794582e-05, 0.0003932223189622164, 0.0008651858661323786, 0.0013371496461331844, 0.0018091131933033466, 0.002281076740473509, 0.002753040287643671, 0.0032250038348138332, 0.003696967614814639, 0.004168931394815445, 0.004640894941985607, 0.005112858489155769, 0.0055848220363259315, 0.006056785583496094, 0.006528749130666256, 0.007000712677836418, 0.00747267622500658, 0.007944639772176743, 0.008416603319346905, 0.008888566866517067, 0.009360531345009804, 0.009832493960857391, 0.010304457508027554, 0.010776421055197716, 0.011248384602367878, 0.01172034814953804, 0.012192311696708202, 0.012664275243878365, 0.013136239722371101, 0.013608203269541264]}, "gradients/fc1.0.weight": {"_type": "histogram", "values": [3.0, 1.0, 5.0, 2.0, 2.0, 3.0, 5.0, 8.0, 13.0, 16.0, 25.0, 32.0, 42.0, 43.0, 66.0, 80.0, 118.0, 158.0, 174.0, 222.0, 326.0, 364.0, 491.0, 664.0, 831.0, 1072.0, 1360.0, 1752.0, 2227.0, 3052.0, 4126.0, 6038.0, 9385.0, 16727.0, 59345.0, 653071.0, 19084.0, 11435.0, 7848.0, 5233.0, 3559.0, 2618.0, 1954.0, 1379.0, 1111.0, 807.0, 618.0, 458.0, 344.0, 264.0, 204.0, 124.0, 90.0, 70.0, 48.0, 37.0, 26.0, 13.0, 7.0, 5.0, 5.0, 3.0, 3.0, 4.0], "bins": [-0.2371433675289154, -0.23037463426589966, -0.2236059010028839, -0.21683716773986816, -0.21006843447685242, -0.20329970121383667, -0.19653096795082092, -0.18976223468780518, -0.18299350142478943, -0.17622476816177368, -0.16945603489875793, -0.1626873016357422, -0.15591856837272644, -0.1491498351097107, -0.14238110184669495, -0.1356123685836792, -0.12884365022182465, -0.1220749169588089, -0.11530618369579315, -0.1085374504327774, -0.10176871716976166, -0.09499998390674591, -0.08823125809431076, -0.08146252483129501, -0.07469379156827927, -0.06792505830526352, -0.06115632504224777, -0.054387595504522324, -0.04761886224150658, -0.04085012897849083, -0.03408139944076538, -0.027312666177749634, -0.020543932914733887, -0.013775200583040714, -0.007006468251347542, -0.00023773685097694397, 0.006530996412038803, 0.01329972967505455, 0.02006845921278, 0.026837192475795746, 0.03360592573881149, 0.04037465900182724, 0.04714339226484299, 0.053912121802568436, 0.06068085506558418, 0.06744958460330963, 0.07421831786632538, 0.08098705112934113, 0.08775578439235687, 0.09452451765537262, 0.10129325091838837, 0.10806198418140411, 0.11483071744441986, 0.12159945070743561, 0.12836816906929016, 0.1351369023323059, 0.14190563559532166, 0.1486743688583374, 0.15544310212135315, 0.1622118353843689, 0.16898056864738464, 0.1757493019104004, 0.18251803517341614, 0.18928676843643188, 0.19605550169944763]}, "gradients/conv2.0.weight": {"_type": "histogram", "values": [3.0, 4.0, 3.0, 4.0, 7.0, 15.0, 12.0, 12.0, 20.0, 30.0, 27.0, 31.0, 56.0, 66.0, 68.0, 98.0, 135.0, 191.0, 263.0, 360.0, 500.0, 735.0, 1053.0, 1425.0, 2166.0, 3513.0, 5819.0, 10126.0, 8843.0, 5349.0, 3302.0, 2180.0, 1455.0, 954.0, 687.0, 441.0, 333.0, 246.0, 149.0, 102.0, 92.0, 62.0, 50.0, 53.0, 38.0, 26.0, 17.0, 18.0, 12.0, 14.0, 8.0, 6.0, 5.0, 1.0, 4.0, 2.0, 2.0, 0.0, 1.0, 3.0, 1.0, 0.0, 0.0, 2.0],