{"avg_train_loss": 0.03345944603411812, "test_acc": 0.735, "_timestamp": 1683177321.0711474, "_runtime": 241.14830446243286, "_step": 20, "_wandb": {"runtime": 240}}