{"gradients/fc.bias": {"_type": "histogram", "values": [1.0, 0.0, 0.0, 0.0, 0.0, 0.0, 0.0, 0.0, 0.0, 0.0, 1.0, 0.0, 0.0, 0.0, 0.0, 0.0, 0.0, 0.0, 0.0, 0.0, 0.0, 0.0, 0.0, 1.0, 0.0, 0.0, 0.0, 0.0, 0.0, 0.0, 1.0, 0.0, 1.0, 1.0, 0.0, 1.0, 0.0, 0.0, 0.0, 0.0, 0.0, 0.0, 0.0, 1.0, 0.0, 0.0, 0.0, 0.0, 0.0, 0.0, 0.0, 0.0, 0.0, 0.0, 0.0, 1.0, 0.0, 0.0, 0.0, 0.0, 0.0, 0.0, 0.0, 1.0], "bins": [-0.0002309108094777912, -0.00022388763318303972, -0.00021686445688828826, -0.00020984126604162157, -0.0002028180897468701, -0.00019579491345211864, -0.00018877173715736717, -0.0001817485608626157, -0.000174725370015949, -0.00016770219372119755, -0.00016067901742644608, -0.0001536558265797794, -0.00014663265028502792, -0.00013960947399027646, -0.000132586297695525, -0.00012556312140077353, -0.00011853994510602206, -0.0001115167688112706, -0.00010449358524056152, -9.747040894581005e-05, -9.044722537510097e-05, -8.34240490803495e-05, -7.640087278559804e-05, -6.937769649084657e-05, -6.23545129201375e-05, -5.533133298740722e-05, -4.830815305467695e-05, -4.1284976759925485e-05, -3.426179682719521e-05, -2.723861689446494e-05, -2.0215440599713475e-05, -1.3192260666983202e-05, -6.16908073425293e-06, 8.54098288982641e-07, 7.877277312218212e-06, 1.490045542595908e-05, 2.1923635358689353e-05, 2.8946815291419625e-05, 3.596999158617109e-05, 4.299317151890136e-05, 5.0016351451631635e-05, 5.703953138436191e-05, 6.406271131709218e-05, 7.108588761184365e-05, 7.810906390659511e-05, 8.513224747730419e-05, 9.215542377205566e-05, 9.917860734276474e-05, 0.0001062017836375162, 0.00011322495993226767, 0.00012024814350297675, 0.0001272713125217706, 0.0001342945033684373, 0.00014131767966318876, 0.00014834085595794022, 0.00015536403225269169, 0.00016238720854744315, 0.00016941038484219462, 0.00017643356113694608, 0.00018345675198361278, 0.00019047992827836424, 0.0001975031045731157, 0.00020452628086786717, 0.00021154945716261864, 0.00021857264800928533]}, "_timestamp": 1683176991.1195304, "gradients/fc.weight": {"_type": "histogram", "values": [1.0, 0.0, 1.0, 1.0, 2.0, 2.0, 0.0, 3.0, 1.0, 5.0, 3.0, 1.0, 1.0, 9.0, 7.0, 4.0, 5.0, 7.0, 8.0, 10.0, 9.0, 17.0, 19.0, 25.0, 31.0, 33.0, 44.0, 73.0, 89.0, 105.0, 162.0, 197.0, 3447.0, 232.0, 127.0, 104.0, 68.0, 59.0, 36.0, 30.0, 21.0, 23.0, 14.0, 13.0, 7.0, 12.0, 6.0, 5.0, 5.0, 5.0, 3.0, 7.0, 5.0, 2.0, 2.0, 1.0, 4.0, 0.0, 3.0, 1.0, 2.0, 0.0, 0.0, 1.0], "bins": [-0.001778649166226387, -0.0017234840197488666, -0.001668318873271346, -0.0016131537267938256, -0.0015579885803163052, -0.0015028235502541065, -0.001447658403776586, -0.0013924932572990656, -0.0013373281108215451, -0.0012821629643440247, -0.0012269978178665042, -0.0011718326713889837, -0.001116667641326785, -0.0010615023784339428, -0.0010063373483717442, -0.0009511722018942237, -0.0008960070554167032, -0.0008408419089391828, -0.0007856767624616623, -0.0007305116741918027, -0.0006753465277142823, -0.0006201813812367618, -0.0005650162929669023, -0.0005098511464893818, -0.0004546860000118613, -0.00039952085353434086, -0.00034435573616065085, -0.00028919061878696084, -0.00023402547230944037, -0.0001788603258319199, -0.0001236952084582299, -6.853009108453989e-05, -1.3364944607019424e-05, 4.180018731858581e-05, 9.696531924419105e-05, 0.0001521304511697963, 0.00020729558309540153, 0.000262460729572922, 0.000317625846946612, 0.000372790964320302, 0.0004279561107978225, 0.00048312125727534294, 0.0005382864037528634, 0.000593451492022723, 0.0006486166385002434, 0.0007037817849777639, 0.0007589468732476234, 0.0008141120197251439, 0.0008692771662026644, 0.0009244423126801848, 0.0009796074591577053, 0.0010347726056352258, 0.0010899377521127462, 0.0011451027821749449, 0.0012002679286524653, 0.0012554330751299858, 0.0013105982216075063, 0.0013657633680850267, 0.0014209285145625472, 0.0014760936610400677, 0.0015312586911022663, 0.0015864239539951086, 0.0016415889840573072, 0.0016967541305348277, 0.0017519192770123482]}, "gradients/fc1.0.bias": {"_type": "histogram", "values": [2.0, 0.0, 0.0, 1.0, 0.0, 1.0, 1.0, 0.0, 2.0, 0.0, 1.0, 2.0, 1.0, 6.0, 4.0, 4.0, 8.0, 3.0, 8.0, 6.0, 4.0, 7.0, 8.0, 15.0, 9.0, 10.0, 18.0, 19.0, 17.0, 17.0, 18.0, 22.0, 29.0, 60.0, 16.0, 18.0, 21.0, 23.0, 12.0, 18.0, 8.0, 16.0, 10.0, 16.0, 6.0, 5.0, 4.0, 3.0, 7.0, 4.0, 4.0, 4.0, 3.0, 3.0, 1.0, 2.0, 0.0, 2.0, 0.0, 0.0, 0.0, 1.0, 1.0, 1.0], "bins": [-0.00010345137707190588, -0.00010036458115791902, -9.727777796797454e-05, -9.419098205398768e-05, -9.110418614000082e-05, -8.801739022601396e-05, -8.493058703606948e-05, -8.184379112208262e-05, -7.875698793213814e-05, -7.567019201815128e-05, -7.258338882820681e-05, -6.949659291421995e-05, -6.640979700023308e-05, -6.332299381028861e-05, -6.0236197896301746e-05, -5.7149401982314885e-05, -5.406260606832802e-05, -5.0975806516362354e-05, -4.788901060237549e-05, -4.4802211050409824e-05, -4.171541513642296e-05, -3.862861558445729e-05, -3.5541816032491624e-05, -3.245502011850476e-05, -2.9368220566539094e-05, -2.628142283356283e-05, -2.3194625100586563e-05, -2.0107825548620895e-05, -1.702102781564463e-05, -1.3934230082668364e-05, -1.0847430530702695e-05, -7.76063279772643e-06, -4.673835064750165e-06, -1.5870368770265486e-06, 1.4997613106970675e-06, 4.5865599531680346e-06, 7.6733576861443e-06, 1.0760155419120565e-05, 1.3846954971086234e-05, 1.69337527040625e-05, 2.0020550437038764e-05, 2.310734817001503e-05, 2.6194145902991295e-05, 2.9280945454956964e-05, 3.236774500692263e-05, 3.5454540920909494e-05, 3.854134047287516e-05, 4.162814002484083e-05, 4.4714935938827693e-05, 4.780173549079336e-05, 5.0888531404780224e-05, 5.397533095674589e-05, 5.7062126870732754e-05, 6.014892642269842e-05, 6.323572597466409e-05, 6.632252188865095e-05, 6.940931780263782e-05, 7.249611371662468e-05, 7.558291690656915e-05, 7.866971282055601e-05, 8.175650873454288e-05, 8.484331192448735e-05, 8.793010783847421e-05, 9.101690375246108e-05, 9.410370694240555e-05]}, "gradients/fc1.0.weight": {"_type": "histogram", "values": [1.0, 1.0, 1.0, 0.0, 2.0, 5.0, 4.0, 5.0, 5.0, 18.0, 13.0, 22.0, 27.0, 43.0, 55.0, 54.0, 92.0, 86.0, 152.0, 163.0, 242.0, 309.0, 383.0, 483.0, 641.0, 874.0, 1222.0, 1598.0, 2193.0, 3246.0, 4685.0, 7802.0, 12835.0, 22430.0, 43881.0, 104103.0, 472573.0, 64693.0, 30231.0, 16453.0, 9487.0, 5674.0, 3809.0, 2494.0, 1687.0, 1170.0, 861.0, 637.0, 469.0, 340.0, 260.0, 192.0, 141.0, 104.0, 76.0, 65.0, 44.0, 22.0, 16.0, 11.0, 5.0, 6.0, 3.0, 1.0], "bins": [-0.0010666482849046588, -0.0010372615652158856, -0.0010078748455271125, -0.0009784881258383393, -0.0009491014643572271, -0.0009197147446684539, -0.0008903280249796808, -0.0008609413052909076, -0.0008315546438097954, -0.0008021679241210222, -0.0007727812044322491, -0.0007433944847434759, -0.0007140078232623637, -0.0006846211035735905, -0.0006552343838848174, -0.0006258476641960442, -0.000596460944507271, -0.0005670742248184979, -0.0005376875051297247, -0.0005083008436486125, -0.00047891412395983934, -0.0004495274042710662, -0.00042014068458229303, -0.0003907539648935199, -0.0003613672743085772, -0.000331980554619804, -0.0003025938640348613, -0.00027320714434608817, -0.00024382043920923024, -0.00021443373407237232, -0.00018504701438359916, -0.00015566030924674124, -0.00012627366231754422, -9.68869571806863e-05, -6.750024476787075e-05, -3.811353235505521e-05, -8.726827218197286e-06, 2.065987791866064e-05, 5.0046597607433796e-05, 7.943330274429172e-05, 0.00010882000788114965, 0.00013820671301800758, 0.0001675934181548655, 0.00019698013784363866, 0.00022636684298049659, 0.0002557535481173545, 0.00028514026780612767, 0.00031452695839107037, 0.0003439136780798435, 0.0003733003977686167, 0.0004026870883535594, 0.00043207380804233253, 0.00046146049862727523, 0.0004908472183160484, 0.0005202339380048215, 0.0005496206576935947, 0.0005790073191747069, 0.0006083940388634801, 0.0006377807585522532, 0.0006671674782410264, 0.0006965541397221386, 0.0007259408594109118, 0.000755327579099685, 0.0007847142987884581, 0.0008141010184772313]}, "gradients/conv2.0.weight": {"_type": "histogram",