{"avg_train_loss": 0.03417510555730001, "test_acc": 0.7334666666666667, "_timestamp": 1683176853.2390096, "_runtime": 215.055912733078, "_step": 20, "_wandb": {"runtime": 214}}