{"gradients/fc.bias": {"_type": "histogram", "values": [1.0, 0.0, 1.0, 0.0, 0.0, 0.0, 0.0, 0.0, 0.0, 0.0, 0.0, 0.0, 1.0, 0.0, 0.0, 0.0, 0.0, 0.0, 0.0, 1.0, 0.0, 0.0, 0.0, 0.0, 0.0, 0.0, 0.0, 0.0, 0.0, 0.0, 0.0, 1.0, 1.0, 0.0, 0.0, 0.0, 0.0, 0.0, 1.0, 0.0, 0.0, 0.0, 1.0, 0.0, 0.0, 0.0, 0.0, 0.0, 0.0, 0.0, 0.0, 0.0, 0.0, 1.0, 0.0, 0.0, 0.0, 0.0, 0.0, 0.0, 0.0, 0.0, 0.0, 1.0], "bins": [-1.5236546460073441e-05, -1.4725493201694917e-05, -1.4214440852811094e-05, -1.370338759443257e-05, -1.3192334336054046e-05, -1.2681281077675521e-05, -1.2170228728791699e-05, -1.1659175470413174e-05, -1.114812221203465e-05, -1.0637068953656126e-05, -1.0126016604772303e-05, -9.614963346393779e-06, -9.103910088015255e-06, -8.59285682963673e-06, -8.081804480752908e-06, -7.570751222374383e-06, -7.059698873490561e-06, -6.548646069859387e-06, -6.037592811480863e-06, -5.5265400078496896e-06, -5.015486749471165e-06, -4.504433945839992e-06, -3.993381142208818e-06, -3.4823281112039695e-06, -2.9712750801991206e-06, -2.4602220491942717e-06, -1.9491690181894228e-06, -1.4381162145582493e-06, -9.270631835534004e-07, -4.1601015254855156e-07, 9.504265108262189e-08, 6.060956820874708e-07, 1.1171487130923197e-06, 1.6282017440971686e-06, 2.1392547751020174e-06, 2.650307578733191e-06, 3.1613606097380398e-06, 3.6724136407428887e-06, 4.183466444374062e-06, 4.6945197027525865e-06, 5.20557250638376e-06, 5.716625310014933e-06, 6.227678568393458e-06, 6.738731372024631e-06, 7.2497841756558046e-06, 7.760837434034329e-06, 8.271890692412853e-06, 8.782943041296676e-06, 9.2939962996752e-06, 9.805049558053724e-06, 1.0316101906937547e-05, 1.0827155165316071e-05, 1.1338208423694596e-05, 1.1849260772578418e-05, 1.2360314030956943e-05, 1.2871367289335467e-05, 1.338241963821929e-05, 1.3893472896597814e-05, 1.4404525245481636e-05, 1.491557850386016e-05, 1.5426630852743983e-05, 1.593768502061721e-05, 1.6448737369501032e-05, 1.6959789718384854e-05, 1.747084388625808e-05]}, "_timestamp": 1683186691.1383421, "gradients/fc.weight": {"_type": "histogram", "values": [1.0, 1.0, 2.0, 3.0, 0.0, 4.0, 6.0, 0.0, 4.0, 8.0, 9.0, 6.0, 12.0, 12.0, 11.0, 17.0, 20.0, 23.0, 30.0, 32.0, 31.0, 42.0, 39.0, 50.0, 56.0, 75.0, 83.0, 113.0, 127.0, 146.0, 190.0, 2611.0, 345.0, 211.0, 204.0, 138.0, 117.0, 85.0, 40.0, 43.0, 41.0, 29.0, 22.0, 17.0, 14.0, 10.0, 6.0, 6.0, 5.0, 3.0, 3.0, 5.0, 3.0, 2.0, 2.0, 1.0, 0.0, 0.0, 2.0, 0.0, 0.0, 0.0, 0.0, 2.0], "bins": [-0.00019216389046050608, -0.00018597167218104005, -0.00017977946845348924, -0.0001735872501740232, -0.00016739503189455718, -0.00016120282816700637, -0.00015501060988754034, -0.0001488183916080743, -0.0001426261878805235, -0.00013643396960105747, -0.00013024176587350667, -0.00012404954759404063, -0.00011785733659053221, -0.0001116651255870238, -0.00010547290730755776, -9.928069630404934e-05, -9.308847802458331e-05, -8.689626702107489e-05, -8.070404874160886e-05, -7.451183773810044e-05, -6.831962673459202e-05, -6.212740845512599e-05, -5.593519745161757e-05, -4.974298644810915e-05, -4.3550771806621924e-05, -3.73585571651347e-05, -3.116634616162628e-05, -2.4974131520139053e-05, -1.878191869764123e-05, -1.2589705875143409e-05, -6.397491233656183e-06, -2.0528023014776409e-07, 5.986934411339462e-06, 1.2179147233837284e-05, 1.8371360056335106e-05, 2.4563574697822332e-05, 3.075578570133075e-05, 3.694800034281798e-05, 4.31402149843052e-05, 4.933242598781362e-05, 5.552464062930085e-05, 6.171685527078807e-05, 6.790906627429649e-05, 7.410127727780491e-05, 8.029349555727094e-05, 8.648570656077936e-05, 9.267791756428778e-05, 9.887013584375381e-05, 0.00010506234684726223, 0.00011125455785077065, 0.00011744677613023669, 0.0001236389798577875, 0.00012983119813725352, 0.00013602341641671956, 0.0001422156346961856, 0.0001484078384237364, 0.00015460005670320243, 0.00016079227498266846, 0.00016698447871021926, 0.0001731766969896853, 0.00017936891526915133, 0.00018556111899670213, 0.00019175333727616817, 0.00019794554100371897, 0.000204137759283185]}, "gradients/fc1.0.bias": {"_type": "histogram", "values": [1.0, 0.0, 1.0, 0.0, 0.0, 1.0, 1.0, 1.0, 0.0, 0.0, 2.0, 3.0, 2.0, 3.0, 4.0, 4.0, 9.0, 8.0, 9.0, 8.0, 8.0, 5.0, 9.0, 7.0, 16.0, 14.0, 21.0, 15.0, 22.0, 19.0, 27.0, 42.0, 26.0, 33.0, 16.0, 15.0, 20.0, 14.0, 16.0, 14.0, 9.0, 9.0, 11.0, 13.0, 10.0, 11.0, 5.0, 7.0, 3.0, 2.0, 3.0, 4.0, 2.0, 0.0, 0.0, 2.0, 0.0, 0.0, 1.0, 1.0, 0.0, 1.0, 1.0, 1.0], "bins": [-1.0973909411404748e-05, -1.0630144060996827e-05, -1.0286377801094204e-05, -9.942612450686283e-06, -9.598847100278363e-06, -9.25508084037574e-06, -8.91131548996782e-06, -8.567549230065197e-06, -8.223783879657276e-06, -7.880018529249355e-06, -7.536252269346733e-06, -7.192486918938812e-06, -6.84872111378354e-06, -6.5049553086282685e-06, -6.161189958220348e-06, -5.817424153065076e-06, -5.4736583479098044e-06, -5.129892542754533e-06, -4.786126737599261e-06, -4.44236138719134e-06, -4.098595582036069e-06, -3.754829776880797e-06, -3.4110641990992008e-06, -3.0672986213176046e-06, -2.723532816162333e-06, -2.3797670110070612e-06, -2.036001433225465e-06, -1.692235741757031e-06, -1.3484700502885971e-06, -1.0047043588201632e-06, -6.609386673517292e-07, -3.17173089570133e-07, 2.659271558513865e-08, 3.703584070535726e-07, 7.141240985220065e-07, 1.0578897899904405e-06, 1.4016554814588744e-06, 1.7454211729273084e-06, 2.0891868643957423e-06, 2.4329524421773385e-06, 2.77671824733261e-06, 3.120484052487882e-06, 3.464249630269478e-06, 3.8080152080510743e-06, 4.151781013206346e-06, 4.495546818361618e-06, 4.839312168769538e-06, 5.18307797392481e-06, 5.526843779080082e-06, 5.870609584235353e-06, 6.214375389390625e-06, 6.558140739798546e-06, 6.9019065449538175e-06, 7.245672350109089e-06, 7.58943770051701e-06, 7.933203960419632e-06, 8.276969310827553e-06, 8.620734661235474e-06, 8.964500921138097e-06, 9.308266271546017e-06, 9.65203253144864e-06, 9.99579788185656e-06, 1.0339563232264481e-05, 1.0683328582672402e-05, 1.1027094842575025e-05]}, "gradients/fc1.0.weight": {"_type": "histogram", "values": [1.0, 0.0, 0.0, 0.0, 2.0, 4.0, 2.0, 4.0, 3.0, 8.0, 7.0, 3.0, 7.0, 19.0, 26.0, 37.0, 48.0, 78.0, 102.0, 157.0, 180.0, 285.0, 383.0, 631.0, 957.0, 1562.0, 2513.0, 4196.0, 7228.0, 12225.0, 21655.0, 38130.0, 72324.0, 163490.0, 291638.0, 89929.0, 47985.0, 26430.0, 14860.0, 8724.0, 5042.0, 3066.0, 1825.0, 1200.0, 767.0, 495.0, 291.0, 229.0, 139.0, 89.0, 73.0, 44.0, 34.0, 24.0, 13.0, 14.0, 6.0, 10.0, 2.0, 1.0, 0.0, 1.0, 0.0, 2.0], "bins": [-0.00018642540089786053, -0.00018096303392667323, -0.0001755006524035707, -0.00017003828543238342, -0.0001645759039092809, -0.0001591135369380936, -0.0001536511699669063, -0.0001481887884438038, -0.0001427264214726165, -0.0001372640545014292, -0.00013180167297832668, -0.00012633930600713938, -0.00012087693175999448, -0.00011541455751284957, -0.00010995218326570466, -0.00010448980901855975, -9.902743477141485e-05, -9.356506052426994e-05, -8.810268627712503e-05, -8.264031202998012e-05, -7.717794505879283e-05, -7.171557081164792e-05, -6.625319656450301e-05, -6.0790825955336913e-05, -5.5328451708192006e-05, -4.98660774610471e-05, -4.4403706851881e-05, -3.894133260473609e-05, -3.347895835759118e-05, -2.801658774842508e-05, -2.2554213501280174e-05, -1.7091842892114073e-05, -1.1629468644969165e-05, -6.16709576206631e-06, -7.047228791634552e-07, 4.757650458486751e-06, 1.0220022886642255e-05, 1.568239531479776e-05, 2.1144769561942667e-05, 2.6607140171108767e-05, 3.2069514418253675e-05, 3.753188866539858e-05, 4.2994259274564683e-05, 4.845663352170959e-05, 5.39190077688545e-05, 5.93813783780206e-05, 6.484375626314431e-05, 7.030612323433161e-05, 7.576849748147652e-05, 8.123087172862142e-05, 8.669324597576633e-05, 9.215562022291124e-05, 9.761798719409853e-05, 0.00010308036144124344, 0.00010854273568838835, 0.00011400510265957564, 0.00011946748418267816, 0.00012492985115386546, 0.00013039223267696798, 0.00013585459964815527, 0.0001413169811712578, 0.0001467793481424451, 0.0001522417296655476, 0.0001577040966367349, 0.0001631664636079222]},