{"gradients/fc.bias": {"_type": "histogram", "values": [1.0, 0.0, 0.0, 0.0, 0.0, 0.0, 0.0, 0.0, 0.0, 0.0, 0.0, 0.0, 0.0, 0.0, 0.0, 0.0, 0.0, 0.0, 0.0, 0.0, 0.0, 0.0, 0.0, 0.0, 0.0, 0.0, 0.0, 1.0, 0.0, 0.0, 1.0, 2.0, 1.0, 2.0, 0.0, 1.0, 0.0, 0.0, 0.0, 0.0, 0.0, 0.0, 0.0, 0.0, 0.0, 0.0, 0.0, 0.0, 0.0, 0.0, 0.0, 0.0, 0.0, 0.0, 0.0, 0.0, 0.0, 0.0, 0.0, 0.0, 0.0, 0.0, 0.0, 1.0], "bins": [-0.004009224008768797, -0.003883917350322008, -0.003758610924705863, -0.003633304499089718, -0.003507997840642929, -0.0033826911821961403, -0.003257384756579995, -0.00313207833096385, -0.0030067716725170612, -0.0028814650140702724, -0.0027561585884541273, -0.002630852162837982, -0.0025055455043911934, -0.0023802388459444046, -0.0022549324203282595, -0.0021296259947121143, -0.0020043193362653255, -0.0018790127942338586, -0.0017537062522023916, -0.0016283997101709247, -0.0015030931681394577, -0.0013777866261079907, -0.0012524800840765238, -0.0011271735420450568, -0.0010018670000135899, -0.0008765604579821229, -0.0007512539159506559, -0.000625947373919189, -0.000500640831887722, -0.00037533428985625505, -0.0002500277478247881, -0.00012472120579332113, 5.848705768585205e-07, 0.00012589141260832548, 0.00025119795463979244, 0.0003765044966712594, 0.0005018110387027264, 0.0006271175807341933, 0.0007524241227656603, 0.0008777306647971272, 0.0010030372068285942, 0.0011283437488600612, 0.0012536502908915281, 0.001378956832922995, 0.001504263374954462, 0.001629569916985929, 0.001754876459017396, 0.001880183001048863, 0.00200548954308033, 0.0021307962015271187, 0.002256102627143264, 0.002381409052759409, 0.0025067157112061977, 0.0026320223696529865, 0.0027573287952691317, 0.002882635220885277, 0.0030079418793320656, 0.0031332485377788544, 0.0032585549633949995, 0.0033838613890111446, 0.0035091680474579334, 0.003634474705904722, 0.0037597811315208673, 0.0038850875571370125, 0.004010394215583801]}, "_timestamp": 1683176159.2248232, "gradients/fc.weight": {"_type": "histogram", "values": [1.0, 0.0, 0.0, 0.0, 0.0, 1.0, 0.0, 0.0, 0.0, 1.0, 1.0, 1.0, 2.0, 1.0, 3.0, 2.0, 6.0, 5.0, 4.0, 6.0, 3.0, 10.0, 9.0, 11.0, 9.0, 17.0, 20.0, 21.0, 26.0, 61.0, 137.0, 509.0, 3890.0, 149.0, 57.0, 24.0, 15.0, 23.0, 19.0, 8.0, 11.0, 10.0, 10.0, 3.0, 6.0, 4.0, 5.0, 6.0, 2.0, 2.0, 2.0, 2.0, 1.0, 1.0, 1.0, 0.0, 0.0, 0.0, 1.0, 0.0, 0.0, 0.0, 0.0, 1.0], "bins": [-0.026956722140312195, -0.02611583285033703, -0.025274943560361862, -0.024434056133031845, -0.02359316684305668, -0.022752277553081512, -0.021911388263106346, -0.02107049897313118, -0.020229611545801163, -0.019388722255825996, -0.01854783296585083, -0.017706945538520813, -0.016866056248545647, -0.01602516695857048, -0.015184277668595314, -0.014343388378620148, -0.013502499088644981, -0.012661609798669815, -0.011820721440017223, -0.010979832150042057, -0.010138943791389465, -0.009298054501414299, -0.008457165211439133, -0.007616276387125254, -0.006775387562811375, -0.005934498738497496, -0.005093609914183617, -0.00425272062420845, -0.0034118317998945713, -0.0025709429755806923, -0.001730053685605526, -0.000889164861291647, -4.8277899622917175e-05, 0.0007926110411062837, 0.0016334999818354845, 0.002474389038980007, 0.003315277863293886, 0.004156166687607765, 0.0049970559775829315, 0.0058379448018968105, 0.0066788336262106895, 0.0075197224505245686, 0.008360611274838448, 0.009201500564813614, 0.01004238985478878, 0.010883278213441372, 0.011724167503416538, 0.01256505586206913, 0.013405945152044296, 0.014246834442019463, 0.015087722800672054, 0.015928611159324646, 0.016769500449299812, 0.01761038973927498, 0.018451279029250145, 0.01929216831922531, 0.02013305574655533, 0.020973945036530495, 0.02181483432650566, 0.022655721753835678, 0.023496611043810844, 0.02433750033378601, 0.025178389623761177, 0.026019278913736343, 0.02686016820371151]}, "gradients/fc1.0.bias": {"_type": "histogram", "values": [1.0, 0.0, 0.0, 0.0, 0.0, 1.0, 0.0, 0.0, 1.0, 4.0, 1.0, 1.0, 4.0, 1.0, 2.0, 5.0, 4.0, 3.0, 2.0, 6.0, 3.0, 5.0, 4.0, 7.0, 7.0, 1.0, 10.0, 5.0, 7.0, 4.0, 9.0, 16.0, 27.0, 46.0, 156.0, 47.0, 20.0, 17.0, 12.0, 4.0, 8.0, 8.0, 6.0, 3.0, 0.0, 3.0, 2.0, 9.0, 4.0, 2.0, 3.0, 5.0, 3.0, 3.0, 1.0, 3.0, 0.0, 1.0, 1.0, 2.0, 0.0, 0.0, 1.0, 1.0], "bins": [-0.001992180710658431, -0.0019344381289556623, -0.0018766954308375716, -0.0018189528491348028, -0.0017612101510167122, -0.0017034675693139434, -0.0016457249876111746, -0.001587982289493084, -0.0015302397077903152, -0.0014724971260875463, -0.0014147544279694557, -0.001357011846266687, -0.0012992691481485963, -0.0012415265664458275, -0.0011837838683277369, -0.001126041286624968, -0.0010682987049221992, -0.0010105561232194304, -0.0009528134251013398, -0.000895070843398571, -0.0008373282034881413, -0.0007795855635777116, -0.0007218429236672819, -0.0006641002837568521, -0.0006063575856387615, -0.0005486149457283318, -0.0004908723058179021, -0.00043312969501130283, -0.00037538708420470357, -0.00031764444429427385, -0.00025990180438384414, -0.00020215919357724488, -0.00014441658277064562, -8.667395741213113e-05, -2.893132477765903e-05, 2.8811307856813073e-05, 8.655393321532756e-05, 0.00014429655857384205, 0.00020203919848427176, 0.000259781809290871, 0.00031752444920130074, 0.00037526708911173046, 0.0004330096999183297, 0.0004907523398287594, 0.0005484949797391891, 0.000606237561441958, 0.0006639802595600486, 0.0007217228412628174, 0.0007794654811732471, 0.0008372081210836768, 0.0008949507609941065, 0.0009526934009045362, 0.001010435982607305, 0.0010681785643100739, 0.0011259212624281645, 0.0011836638441309333, 0.001241406542249024, 0.0012991491239517927, 0.0013568918220698833, 0.0014146344037726521, 0.0014723771018907428, 0.0015301196835935116, 0.0015878623817116022, 0.001645604963414371, 0.0017033475451171398]}, "gradients/fc1.0.weight": {"_type": "histogram", "values": [2.0, 1.0, 0.0, 0.0, 0.0, 3.0, 1.0, 1.0, 1.0, 5.0, 11.0, 8.0, 8.0, 6.0, 16.0, 27.0, 21.0, 32.0, 36.0, 43.0, 81.0, 95.0, 149.0, 182.0, 297.0, 410.0, 585.0, 965.0, 1480.0, 2280.0, 3460.0, 5596.0, 9663.0, 21962.0, 159574.0, 569892.0, 21409.0, 8300.0, 4666.0, 2856.0, 1788.0, 1107.0, 752.0, 457.0, 272.0, 210.0, 124.0, 96.0, 69.0, 55.0, 35.0, 27.0, 22.0, 11.0, 14.0, 9.0, 6.0, 3.0, 4.0, 7.0, 2.0, 1.0, 3.0, 2.0], "bins": [-0.017715897411108017, -0.01721048355102539, -0.016705069690942764, -0.016199655830860138, -0.01569424197077751, -0.015188828110694885, -0.014683414250612259, -0.014178000390529633, -0.013672586530447006, -0.01316717267036438, -0.012661758810281754, -0.012156344950199127, -0.0116509310901165, -0.011145517230033875, -0.010640103369951248, -0.010134689509868622, -0.009629275649785995, -0.00912386178970337, -0.008618447929620743, -0.008113034069538116, -0.00760762020945549, -0.007102206349372864, -0.006596792489290237, -0.006091378629207611, -0.005585964769124985, -0.005080550909042358, -0.004575137048959732, -0.004069723188877106, -0.0035643093287944794, -0.003058895468711853, -0.0025534816086292267, -0.0020480677485466003, -0.0015426529571413994, -0.001037239097058773, -0.0005318252369761467, -2.6411376893520355e-05, 0.000479002483189106, 0.0009844163432717323, 0.0014898302033543587, 0.001995244063436985, 0.0025006579235196114, 0.0030060717836022377, 0.003511485643684864, 0.00401689950376749, 0.004522313363850117, 0.005027727223932743, 0.005533141084015369, 0.006038554944097996, 0.006543968804180622, 0.0070493826642632484, 0.007554796524345875, 0.008060210384428501, 0.008565624244511127, 0.009071038104593754, 0.00957645196467638, 0.010081865824759007, 0.010587279684841633, 0.01109269354492426, 0.011598107405006886, 0.012103521265089512, 0.012608935125172138, 0.013114348985254765, 0.013619762845337391, 0.014125176705420017, 0.014630590565502644]}, "gradients/conv2.0.weight": {"_type": "histogram",