{"avg_train_loss": 0.0024680363110351966, "test_acc": 0.7194666666666667, "_timestamp": 1683185260.6385887, "_runtime": 2086.2651596069336, "_step": 400, "_wandb": {"runtime": 2086}}