{"avg_train_loss": 0.03333416229847353, "test_acc": 0.7333333333333333, "_timestamp": 1683177591.2763252, "_runtime": 344.4810962677002, "_step": 20, "_wandb": {"runtime": 344}}