{"gradients/fc.bias": {"_type": "histogram", "values": [1.0, 0.0, 0.0, 0.0, 0.0, 0.0, 0.0, 0.0, 0.0, 0.0, 0.0, 0.0, 0.0, 0.0, 0.0, 0.0, 0.0, 0.0, 0.0, 0.0, 1.0, 0.0, 0.0, 0.0, 0.0, 0.0, 0.0, 0.0, 0.0, 0.0, 0.0, 0.0, 1.0, 0.0, 0.0, 0.0, 0.0, 0.0, 1.0, 1.0, 1.0, 0.0, 0.0, 1.0, 0.0, 0.0, 0.0, 0.0, 0.0, 0.0, 0.0, 0.0, 0.0, 0.0, 1.0, 0.0, 1.0, 0.0, 0.0, 0.0, 0.0, 0.0, 0.0, 1.0], "bins": [-0.14964711666107178, -0.1458035111427307, -0.14195990562438965, -0.13811630010604858, -0.13427269458770752, -0.13042907416820526, -0.1265854686498642, -0.12274186313152313, -0.11889825761318207, -0.115054652094841, -0.11121104657649994, -0.10736743360757828, -0.10352382808923721, -0.09968022257089615, -0.09583660960197449, -0.09199300408363342, -0.08814939856529236, -0.0843057930469513, -0.08046218752861023, -0.07661857455968857, -0.0727749690413475, -0.06893136352300644, -0.06508775055408478, -0.06124414503574371, -0.05740053951740265, -0.053556933999061584, -0.04971332475543022, -0.04586971551179886, -0.042026109993457794, -0.03818250447511673, -0.03433889523148537, -0.030495287850499153, -0.026651687920093536, -0.022808080539107323, -0.01896447315812111, -0.015120865777134895, -0.011277258396148682, -0.007433651015162468, -0.0035900436341762543, 0.0002535637468099594, 0.004097171127796173, 0.007940778508782387, 0.0117843858897686, 0.015627993270754814, 0.019471600651741028, 0.02331520803272724, 0.027158815413713455, 0.03100242279469967, 0.03484603017568588, 0.03868963569402695, 0.04253324493765831, 0.04637685418128967, 0.05022045969963074, 0.0540640652179718, 0.057907674461603165, 0.06175128370523453, 0.06559488922357559, 0.06943849474191666, 0.07328210771083832, 0.07712571322917938, 0.08096931874752045, 0.08481292426586151, 0.08865652978420258, 0.09250014275312424, 0.0963437482714653]}, "_timestamp": 1683182224.077896, "gradients/fc.weight": {"_type": "histogram", "values": [1.0, 0.0, 0.0, 0.0, 0.0, 1.0, 1.0, 1.0, 0.0, 0.0, 1.0, 4.0, 2.0, 2.0, 3.0, 7.0, 6.0, 4.0, 16.0, 11.0, 12.0, 16.0, 14.0, 31.0, 30.0, 30.0, 34.0, 43.0, 45.0, 58.0, 74.0, 101.0, 187.0, 2587.0, 990.0, 272.0, 155.0, 83.0, 70.0, 59.0, 29.0, 33.0, 14.0, 12.0, 14.0, 15.0, 13.0, 11.0, 1.0, 3.0, 4.0, 3.0, 7.0, 0.0, 4.0, 1.0, 1.0, 1.0, 2.0, 0.0, 0.0, 0.0, 0.0, 1.0], "bins": [-0.41208356618881226, -0.3998968303203583, -0.3877101242542267, -0.3755233883857727, -0.3633366823196411, -0.35114994645118713, -0.33896321058273315, -0.32677650451660156, -0.31458979845046997, -0.302403062582016, -0.2902163565158844, -0.2780296206474304, -0.26584291458129883, -0.25365617871284485, -0.24146945774555206, -0.22928273677825928, -0.2170960009098053, -0.2049092799425125, -0.19272255897521973, -0.18053582310676575, -0.16834911704063416, -0.15616238117218018, -0.1439756602048874, -0.1317889392375946, -0.11960221827030182, -0.10741549730300903, -0.09522877633571625, -0.08304204791784286, -0.07085532695055008, -0.058668605983257294, -0.04648187756538391, -0.034295156598091125, -0.022108405828475952, -0.009921682998538017, 0.0022650398313999176, 0.014451764523983002, 0.026638485491275787, 0.03882520645856857, 0.051011934876441956, 0.06319865584373474, 0.07538537681102753, 0.08757209777832031, 0.0997588187456131, 0.11194554716348648, 0.12413226813077927, 0.13631898164749146, 0.14850571751594543, 0.16069243848323822, 0.172879159450531, 0.1850658804178238, 0.19725260138511658, 0.20943933725357056, 0.22162604331970215, 0.23381277918815613, 0.2459995001554489, 0.2581862211227417, 0.2703729271888733, 0.28255966305732727, 0.29474636912345886, 0.30693310499191284, 0.31911981105804443, 0.3313065469264984, 0.3434932827949524, 0.355679988861084, 0.36786672472953796]}, "gradients/fc1.0.bias": {"_type": "histogram", "values": [1.0, 0.0, 0.0, 0.0, 0.0, 0.0, 0.0, 3.0, 3.0, 0.0, 1.0, 2.0, 2.0, 5.0, 3.0, 6.0, 4.0, 5.0, 8.0, 9.0, 4.0, 11.0, 11.0, 15.0, 10.0, 22.0, 17.0, 18.0, 24.0, 40.0, 82.0, 38.0, 30.0, 24.0, 12.0, 9.0, 14.0, 14.0, 14.0, 10.0, 6.0, 4.0, 7.0, 4.0, 1.0, 4.0, 4.0, 2.0, 3.0, 2.0, 0.0, 0.0, 0.0, 0.0, 1.0, 1.0, 0.0, 0.0, 0.0, 0.0, 1.0, 0.0, 0.0, 1.0], "bins": [-0.040270544588565826, -0.03894147276878357, -0.03761240094900131, -0.03628332540392876, -0.0349542535841465, -0.03362518176436424, -0.03229610621929169, -0.03096703439950943, -0.029637962579727173, -0.028308890759944916, -0.02697981707751751, -0.025650743395090103, -0.024321671575307846, -0.02299259975552559, -0.021663526073098183, -0.020334452390670776, -0.01900538057088852, -0.017676308751106262, -0.016347235068678856, -0.015018162317574024, -0.013689089566469193, -0.01236001681536436, -0.011030944064259529, -0.009701871313154697, -0.008372798562049866, -0.007043725810945034, -0.005714653059840202, -0.004385580308735371, -0.003056507557630539, -0.0017274348065257072, -0.00039836205542087555, 0.0009307106956839561, 0.0022597797214984894, 0.003588852472603321, 0.004917925223708153, 0.0062469979748129845, 0.007576070725917816, 0.008905143477022648, 0.01023421622812748, 0.011563288979232311, 0.012892361730337143, 0.014221434481441975, 0.015550507232546806, 0.016879580914974213, 0.01820865273475647, 0.019537724554538727, 0.020866798236966133, 0.02219587191939354, 0.023524943739175797, 0.024854015558958054, 0.02618308924138546, 0.027512162923812866, 0.028841234743595123, 0.03017030656337738, 0.03149937838315964, 0.03282845392823219, 0.03415752574801445, 0.03548659756779671, 0.03681567311286926, 0.03814474493265152, 0.03947381675243378, 0.040802888572216034, 0.04213196039199829, 0.04346103593707085, 0.044790107756853104]}, "gradients/fc1.0.weight": {"_type": "histogram", "values": [1.0, 1.0, 0.0, 0.0, 0.0, 2.0, 1.0, 1.0, 0.0, 3.0, 5.0, 4.0, 6.0, 9.0, 13.0, 15.0, 43.0, 65.0, 75.0, 142.0, 201.0, 365.0, 590.0, 1035.0, 1803.0, 3189.0, 5891.0, 10930.0, 21424.0, 48457.0, 166484.0, 453328.0, 55437.0, 23938.0, 11551.0, 6081.0, 3342.0, 1904.0, 1072.0, 661.0, 397.0, 242.0, 162.0, 122.0, 72.0, 42.0, 42.0, 12.0, 6.0, 9.0, 7.0, 4.0, 4.0, 2.0, 1.0, 1.0, 1.0, 1.0, 2.0, 0.0, 0.0, 0.0, 1.0, 1.0], "bins": [-0.20584188401699066, -0.19922862946987152, -0.19261537492275238, -0.18600210547447205, -0.1793888509273529, -0.17277559638023376, -0.16616234183311462, -0.15954908728599548, -0.15293583273887634, -0.1463225781917572, -0.13970932364463806, -0.13309606909751892, -0.1264827996492386, -0.11986954510211945, -0.1132562905550003, -0.10664303600788116, -0.10002976655960083, -0.09341651201248169, -0.08680325001478195, -0.08018999546766281, -0.07357673346996307, -0.06696347892284393, -0.06035022437572479, -0.05373696610331535, -0.047123707830905914, -0.040510449558496475, -0.033897191286087036, -0.027283936738967896, -0.020670678466558456, -0.014057420194149017, -0.007444165647029877, -0.0008309073746204376, 0.005782365798950195, 0.01239562314003706, 0.019008880481123924, 0.025622136890888214, 0.03223539516329765, 0.03884865343570709, 0.04546190798282623, 0.05207516625523567, 0.05868842452764511, 0.06530167907476425, 0.07191494107246399, 0.07852819561958313, 0.08514145016670227, 0.09175471216440201, 0.09836796671152115, 0.10498122870922089, 0.11159448325634003, 0.11820773780345917, 0.1248209998011589, 0.13143426179885864, 0.13804751634597778, 0.14466077089309692, 0.15127402544021606, 0.1578872799873352, 0.16450053453445435, 0.1711137890815735, 0.17772704362869263, 0.18434029817581177, 0.1909535676240921, 0.19756682217121124, 0.20418007671833038, 0.21079333126544952, 0.21740660071372986]}, "gradients/conv2.0.weight": {"_type": "histogram", "values": [1.0, 0.0, 0.0, 0.0, 1.0, 0.0, 0.0, 1.0, 1.0, 0.0, 1.0, 3.0, 1.0, 2.0, 4.0, 11.0, 8.0, 12.0, 18.0, 15.0, 33.0, 52.0, 65.0, 99.0, 119.0, 151.0, 240.0, 383.0, 568.0, 829.0, 1225.0, 1788.0, 2609.0, 3664.0, 5483.0, 6949.0, 7866.0, 6001.0, 3954.0, 2692.0, 1806.0, 1289.0, 903.0, 597.0, 441.0, 340.0, 237.0, 186.0, 142.0, 106.0, 82.0, 49.0, 48.0, 34.0, 22.0, 19.0, 18.0, 12.0, 9.0, 3.0, 2.0, 3.0, 0.0, 3.0],