{"avg_train_loss": 0.9652188357214133, "test_acc": 0.6574, "_timestamp": 1683181949.9020066, "_runtime": 63.243080615997314, "_step": 4}