{"gradients/fc.bias": {"_type": "histogram", "values": [1.0, 0.0, 0.0, 0.0, 0.0, 0.0, 0.0, 0.0, 0.0, 0.0, 0.0, 0.0, 0.0, 0.0, 0.0, 0.0, 0.0, 0.0, 0.0, 0.0, 0.0, 0.0, 0.0, 0.0, 0.0, 0.0, 1.0, 1.0, 0.0, 0.0, 0.0, 0.0, 0.0, 0.0, 0.0, 0.0, 0.0, 0.0, 0.0, 3.0, 0.0, 1.0, 1.0, 0.0, 0.0, 0.0, 0.0, 0.0, 0.0, 0.0, 0.0, 0.0, 0.0, 0.0, 0.0, 0.0, 0.0, 0.0, 0.0, 1.0, 0.0, 0.0, 0.0, 1.0], "bins": [-0.001306405058130622, -0.0012720645172521472, -0.0012377239763736725, -0.0012033835519105196, -0.0011690430110320449, -0.0011347024701535702, -0.0011003620456904173, -0.0010660215048119426, -0.0010316809639334679, -0.0009973404230549932, -0.0009629999403841794, -0.0009286594577133656, -0.0008943189168348908, -0.0008599783759564161, -0.0008256378932856023, -0.0007912974106147885, -0.0007569568697363138, -0.0007226163288578391, -0.0006882758461870253, -0.0006539353635162115, -0.0006195948226377368, -0.0005852542817592621, -0.0005509137990884483, -0.0005165733164176345, -0.0004822327755391598, -0.0004478922637645155, -0.00041355175198987126, -0.000379211240215227, -0.00034487072844058275, -0.0003105302166659385, -0.00027618970489129424, -0.00024184919311664999, -0.00020750862313434482, -0.00017316811135970056, -0.0001388275995850563, -0.00010448708781041205, -7.01465760357678e-05, -3.580606426112354e-05, -1.4655524864792824e-06, 3.287495928816497e-05, 6.721547106280923e-05, 0.00010155598283745348, 0.00013589649461209774, 0.000170237006386742, 0.00020457751816138625, 0.0002389180299360305, 0.00027325854171067476, 0.000307599053485319, 0.0003419395652599633, 0.00037628007703460753, 0.0004106205888092518, 0.00044496110058389604, 0.0004793016123585403, 0.0005136420950293541, 0.0005479826359078288, 0.0005823231767863035, 0.0006166636594571173, 0.0006510041421279311, 0.0006853446830064058, 0.0007196852238848805, 0.0007540257065556943, 0.0007883661892265081, 0.0008227067301049829, 0.0008570472709834576, 0.0008913877536542714]}, "_timestamp": 1683100380.5099726, "gradients/fc.weight": {"_type": "histogram", "values": [2.0, 0.0, 1.0, 0.0, 0.0, 0.0, 0.0, 0.0, 0.0, 2.0, 0.0, 1.0, 0.0, 1.0, 2.0, 1.0, 0.0, 1.0, 3.0, 4.0, 7.0, 6.0, 7.0, 5.0, 6.0, 8.0, 9.0, 22.0, 20.0, 30.0, 36.0, 41.0, 47.0, 57.0, 61.0, 60.0, 86.0, 114.0, 272.0, 3215.0, 349.0, 170.0, 107.0, 75.0, 63.0, 60.0, 38.0, 32.0, 21.0, 17.0, 15.0, 13.0, 10.0, 2.0, 8.0, 1.0, 4.0, 3.0, 2.0, 0.0, 1.0, 0.0, 1.0, 1.0], "bins": [-0.007590897381305695, -0.007397281005978584, -0.007203664164990187, -0.007010047789663076, -0.006816431414335966, -0.0066228145733475685, -0.006429198198020458, -0.006235581822693348, -0.006041965447366238, -0.005848349072039127, -0.00565473223105073, -0.0054611158557236195, -0.005267499480396509, -0.005073882639408112, -0.004880266264081001, -0.004686649888753891, -0.004493033047765493, -0.004299416672438383, -0.0041057998314499855, -0.003912183456122875, -0.003718567080795765, -0.003524950472638011, -0.003331333864480257, -0.0031377174891531467, -0.002944100880995393, -0.002750484272837639, -0.0025568678975105286, -0.0023632512893527746, -0.0021696346811950207, -0.0019760183058679104, -0.0017824016977101564, -0.0015887852059677243, -0.0013951687142252922, -0.00120155222248286, -0.001007935730740428, -0.000814319122582674, -0.0006207026308402419, -0.0004270861390978098, -0.00023346953094005585, -3.985303919762373e-05, 0.0001537634525448084, 0.00034737997339107096, 0.0005409964942373335, 0.0007346130441874266, 0.0009282295359298587, 0.0011218460276722908, 0.0013154626358300447, 0.0015090791275724769, 0.001702695619314909, 0.001896312111057341, 0.002089928602799773, 0.002283545210957527, 0.0024771615862846375, 0.0026707781944423914, 0.0028643948026001453, 0.0030580111779272556, 0.0032516277860850096, 0.0034452443942427635, 0.003638860769569874, 0.0038324773777276278, 0.004026093985885382, 0.004219710361212492, 0.00441332720220089, 0.004606943577528, 0.00480055995285511]}, "gradients/fc1.0.bias": {"_type": "histogram", "values": [1.0, 0.0, 0.0, 0.0, 0.0, 0.0, 0.0, 1.0, 0.0, 1.0, 1.0, 0.0, 2.0, 0.0, 0.0, 0.0, 0.0, 1.0, 0.0, 4.0, 5.0, 2.0, 4.0, 7.0, 4.0, 2.0, 11.0, 11.0, 8.0, 10.0, 22.0, 22.0, 20.0, 24.0, 25.0, 41.0, 89.0, 22.0, 23.0, 18.0, 27.0, 17.0, 11.0, 14.0, 16.0, 5.0, 7.0, 4.0, 5.0, 6.0, 2.0, 4.0, 2.0, 2.0, 1.0, 1.0, 3.0, 0.0, 1.0, 0.0, 2.0, 0.0, 0.0, 1.0], "bins": [-0.0008399375365115702, -0.0008167225169017911, -0.000793507497292012, -0.0007702924776822329, -0.0007470774580724537, -0.0007238624384626746, -0.0007006474188528955, -0.0006774323992431164, -0.0006542173796333373, -0.0006310023600235581, -0.000607787340413779, -0.0005845723208039999, -0.0005613573011942208, -0.0005381422815844417, -0.0005149272619746625, -0.0004917122423648834, -0.00046849725185893476, -0.00044528223224915564, -0.0004220672126393765, -0.0003988521930295974, -0.0003756371734198183, -0.00035242215381003916, -0.0003292071633040905, -0.0003059921436943114, -0.00028277712408453226, -0.00025956210447475314, -0.00023634708486497402, -0.0002131320652551949, -0.00018991704564541578, -0.00016670202603563666, -0.00014348702097777277, -0.00012027200136799365, -9.70569672062993e-05, -7.384194759652019e-05, -5.062693162471987e-05, -2.741191565291956e-05, -4.196896043140441e-06, 1.901812356663868e-05, 4.2233135900460184e-05, 6.54481555102393e-05, 8.866317512001842e-05, 0.00011187819472979754, 0.00013509321433957666, 0.00015830821939744055, 0.00018152323900721967, 0.0002047382586169988, 0.0002279532782267779, 0.00025116829783655703, 0.00027438331744633615, 0.00029759833705611527, 0.0003208133566658944, 0.0003440283762756735, 0.00036724339588545263, 0.00039045841549523175, 0.0004136734060011804, 0.00043688842561095953, 0.00046010344522073865, 0.00048331846483051777, 0.0005065334844402969, 0.000529748504050076, 0.0005529635236598551, 0.0005761785432696342, 0.0005993935628794134, 0.0006226085824891925, 0.0006458236020989716]}, "gradients/fc1.0.weight": {"_type": "histogram", "values": [1.0, 1.0, 0.0, 2.0, 0.0, 1.0, 3.0, 0.0, 1.0, 3.0, 6.0, 3.0, 8.0, 12.0, 17.0, 24.0, 32.0, 42.0, 66.0, 83.0, 120.0, 185.0, 290.0, 373.0, 586.0, 836.0, 1198.0, 1872.0, 2922.0, 4578.0, 7644.0, 12715.0, 23204.0, 45307.0, 119687.0, 470807.0, 57683.0, 28713.0, 15988.0, 9249.0, 5464.0, 3396.0, 2182.0, 1353.0, 865.0, 577.0, 386.0, 239.0, 161.0, 105.0, 70.0, 47.0, 30.0, 25.0, 13.0, 7.0, 1.0, 1.0, 4.0, 3.0, 3.0, 3.0, 2.0, 1.0], "bins": [-0.004792150110006332, -0.004655858967453241, -0.004519568290561438, -0.0043832771480083466, -0.004246986471116543, -0.004110695328563452, -0.003974404186010361, -0.0038381132762879133, -0.003701822366565466, -0.0035655314568430185, -0.003429240547120571, -0.00329294940456748, -0.0031566584948450327, -0.0030203675851225853, -0.0028840764425694942, -0.002747785532847047, -0.0026114946231245995, -0.002475203713402152, -0.0023389128036797047, -0.0022026216611266136, -0.0020663307514041662, -0.0019300398416817188, -0.0017937488155439496, -0.0016574577894061804, -0.001521166879683733, -0.0013848759699612856, -0.0012485849438235164, -0.0011122939176857471, -0.0009760030079632998, -0.0008397120400331914, -0.0007034210721030831, -0.0005671301041729748, -0.0004308391362428665, -0.0002945481683127582, -0.0001582572003826499, -2.196623245254159e-05, 0.00011432473547756672, 0.00025061570340767503, 0.00038690667133778334, 0.0005231976392678916, 0.000659488607198, 0.0007957795751281083, 0.0009320705430582166, 0.0010683615691959858, 0.0012046524789184332, 0.0013409433886408806, 0.0014772344147786498, 0.001613525440916419, 0.0017498163506388664, 0.0018861072603613138, 0.002022398170083761, 0.0021586893126368523, 0.0022949802223592997, 0.002431271132081747, 0.002567562274634838, 0.0027038531843572855, 0.002840144094079733, 0.0029764350038021803, 0.0031127259135246277, 0.0032490170560777187, 0.003385307965800166, 0.0035215988755226135, 0.0036578900180757046, 0.003794180927798152, 0.003930471837520599]}, "gradients/conv2.0.weight": {"_type": "histogram",