{"avg_train_loss": 0.5123720924398966, "test_acc": 0.7242, "_timestamp": 1683180126.5516791, "_runtime": 206.6211452484131, "_step": 21, "gradients/fc.bias": {"_type": "histogram", "values": [1.0, 0.0, 0.0, 0.0, 0.0, 0.0, 0.0, 0.0, 0.0, 0.0, 0.0, 0.0, 0.0, 0.0, 0.0, 0.0, 0.0, 0.0, 0.0, 0.0, 0.0, 0.0, 0.0, 0.0, 0.0, 0.0, 0.0, 1.0, 0.0, 0.0, 0.0, 0.0, 0.0, 0.0, 0.0, 0.0, 0.0, 1.0, 0.0, 0.0, 3.0, 0.0, 0.0, 1.0, 0.0, 0.0, 1.0, 0.0, 0.0, 0.0, 0.0, 0.0, 1.0, 0.0, 0.0, 0.0, 0.0, 0.0, 0.0, 0.0, 0.0, 0.0, 0.0, 1.0], "bins": [-0.1258644461631775, -0.12265238910913467, -0.11944032460451126, -0.11622826755046844, -0.11301621049642563, -0.10980415344238281, -0.1065920889377594, -0.10338003188371658, -0.10016797482967377, -0.09695591777563095, -0.09374385327100754, -0.09053179621696472, -0.0873197391629219, -0.08410768210887909, -0.08089561760425568, -0.07768356055021286, -0.07447149604558945, -0.07125943899154663, -0.06804737448692322, -0.0648353174328804, -0.061623260378837585, -0.05841119959950447, -0.055199138820171356, -0.05198708176612854, -0.048775020986795425, -0.04556296020746231, -0.042350903153419495, -0.03913884237408638, -0.035926781594753265, -0.03271472454071045, -0.029502663761377335, -0.02629060484468937, -0.023078545928001404, -0.01986648701131344, -0.016654428094625473, -0.013442367315292358, -0.010230308398604393, -0.007018249481916428, -0.003806188702583313, -0.0005941297858953476, 0.002617929130792618, 0.0058299885131418705, 0.009042047895491123, 0.012254107743501663, 0.015466166660189629, 0.018678225576877594, 0.02189028635621071, 0.025102345272898674, 0.02831440418958664, 0.031526464968919754, 0.03473852202296257, 0.037950582802295685, 0.0411626398563385, 0.044374700635671616, 0.04758676141500473, 0.050798818469047546, 0.05401087924838066, 0.057222940027713776, 0.06043499708175659, 0.06364706158638, 0.06685911864042282, 0.07007117569446564, 0.07328324019908905, 0.07649529725313187, 0.07970735430717468]}, "gradients/fc.weight": {"_type": "histogram", "values": [2.0, 0.0, 0.0, 1.0, 1.0, 0.0, 1.0, 1.0, 0.0, 1.0, 2.0, 0.0, 1.0, 2.0, 6.0, 6.0, 7.0, 5.0, 5.0, 2.0, 7.0, 8.0, 13.0, 16.0, 14.0, 11.0, 13.0, 20.0, 19.0, 25.0, 33.0, 47.0, 38.0, 59.0, 95.0, 147.0, 189.0, 2763.0, 676.0, 309.0, 169.0, 104.0, 78.0, 48.0, 36.0, 32.0, 22.0, 19.0, 15.0, 13.0, 9.0, 6.0, 5.0, 2.0, 5.0, 2.0, 2.0, 1.0, 2.0, 0.0, 1.0, 1.0, 1.0, 2.0], "bins": [-0.3226257562637329, -0.31405892968177795, -0.305492103099823, -0.29692527651786804, -0.2883584499359131, -0.27979162335395813, -0.2712247967720032, -0.26265794038772583, -0.25409114360809326, -0.2455243170261383, -0.23695749044418335, -0.2283906638622284, -0.21982383728027344, -0.21125701069831848, -0.20269016921520233, -0.19412334263324738, -0.18555650115013123, -0.17698967456817627, -0.1684228479862213, -0.15985602140426636, -0.1512891948223114, -0.14272236824035645, -0.1341555267572403, -0.12558870017528534, -0.11702187359333038, -0.10845504701137543, -0.09988822042942047, -0.09132138639688492, -0.08275455981492996, -0.074187733232975, -0.06562089920043945, -0.0570540726184845, -0.048487260937690735, -0.03992043435573578, -0.031353604048490524, -0.02278677560389042, -0.014219947159290314, -0.005653120577335358, 0.002913709729909897, 0.011480540037155151, 0.020047366619110107, 0.028614195063710213, 0.03718102350831032, 0.04574785381555557, 0.05431468039751053, 0.06288150697946548, 0.07144834101200104, 0.080015167593956, 0.08858199417591095, 0.0971488207578659, 0.10571564733982086, 0.11428248137235641, 0.12284930795431137, 0.13141614198684692, 0.13998296856880188, 0.14854979515075684, 0.1571166217327118, 0.16568344831466675, 0.1742502748966217, 0.18281710147857666, 0.19138392806053162, 0.19995075464248657, 0.20851759612560272, 0.21708442270755768, 0.22565124928951263]}, "gradients/fc1.0.bias": {"_type": "histogram", "values": [1.0, 0.0, 0.0, 0.0, 1.0, 0.0, 1.0, 1.0, 0.0, 1.0, 2.0, 1.0, 0.0, 4.0, 1.0, 0.0, 0.0, 9.0, 7.0, 12.0, 13.0, 8.0, 7.0, 15.0, 10.0, 10.0, 10.0, 23.0, 25.0, 25.0, 28.0, 85.0, 43.0, 13.0, 21.0, 12.0, 14.0, 15.0, 17.0, 5.0, 8.0, 7.0, 13.0, 4.0, 7.0, 5.0, 4.0, 5.0, 1.0, 2.0, 1.0, 3.0, 3.0, 2.0, 1.0, 1.0, 0.0, 1.0, 1.0, 0.0, 1.0, 1.0, 0.0, 1.0], "bins": [-0.037045471370220184, -0.0358799509704113, -0.03471442684531212, -0.033548906445503235, -0.03238338232040405, -0.03121786192059517, -0.030052341520786285, -0.028886819258332253, -0.02772129699587822, -0.026555774733424187, -0.025390252470970154, -0.02422473207116127, -0.023059209808707237, -0.021893687546253204, -0.02072816714644432, -0.019562644883990288, -0.018397122621536255, -0.017231600359082222, -0.01606607809662819, -0.014900557696819305, -0.013735035434365273, -0.01256951317191124, -0.011403991840779781, -0.010238470509648323, -0.00907294824719429, -0.007907425984740257, -0.006741904653608799, -0.005576382856816053, -0.004410861060023308, -0.003245339263230562, -0.0020798174664378166, -0.0009142961353063583, 0.00025122612714767456, 0.0014167479239404202, 0.0025822697207331657, 0.0037477915175259113, 0.004913313314318657, 0.0060788351111114025, 0.007244356907904148, 0.008409878239035606, 0.00957540050148964, 0.010740922763943672, 0.01190644409507513, 0.013071965426206589, 0.014237487688660622, 0.015403009951114655, 0.016568530350923538, 0.01773405261337757, 0.018899574875831604, 0.020065097138285637, 0.02123061940073967, 0.022396139800548553, 0.023561662063002586, 0.02472718432545662, 0.025892704725265503, 0.027058226987719536, 0.02822374925017357, 0.0293892715126276, 0.030554793775081635, 0.03172031417489052, 0.0328858345746994, 0.034051358699798584, 0.03521687909960747, 0.03638239949941635, 0.03754792362451553]}, "gradients/fc1.0.weight": {"_type": "histogram", "values": [1.0, 0.0, 0.0, 1.0, 1.0, 0.0, 0.0, 3.0, 4.0, 4.0, 5.0, 15.0, 15.0, 20.0, 25.0, 53.0, 76.0, 112.0, 153.0, 228.0, 346.0, 507.0, 774.0, 1188.0, 1778.0, 2994.0, 4821.0, 7877.0, 14123.0, 26594.0, 57633.0, 381949.0, 210512.0, 46959.0, 23511.0, 13450.0, 8154.0, 5132.0, 3299.0, 2170.0, 1473.0, 965.0, 721.0, 481.0, 303.0, 221.0, 148.0, 107.0, 77.0, 61.0, 44.0, 33.0, 21.0, 15.0, 10.0, 7.0, 6.0, 5.0, 2.0, 4.0, 3.0, 3.0, 2.0, 1.0], "bins": [-0.14323699474334717, -0.13876067101955414, -0.13428433239459991, -0.12980800867080688, -0.12533167004585266, -0.12085534632205963, -0.116379015147686, -0.11190268397331238, -0.10742635279893875, -0.10295002162456512, -0.0984736904501915, -0.09399735927581787, -0.08952103555202484, -0.08504469692707062, -0.08056837320327759, -0.07609204202890396, -0.07161571085453033, -0.06713937968015671, -0.06266304850578308, -0.05818672105669975, -0.053710389882326126, -0.0492340587079525, -0.04475773125886917, -0.040281400084495544, -0.03580506891012192, -0.03132873773574829, -0.026852408424019814, -0.022376079112291336, -0.01789974793791771, -0.013423416763544083, -0.008947087451815605, -0.004470758140087128, 5.558133125305176e-06, 0.004481888376176357, 0.00895821861922741, 0.013434548862278461, 0.017910879105329514, 0.02238721027970314, 0.026863539591431618, 0.031339868903160095, 0.03581620007753372, 0.04029253125190735, 0.044768862426280975, 0.049245189875364304, 0.05372152104973793, 0.05819785222411156, 0.06267417967319489, 0.06715051084756851, 0.07162684202194214, 0.07610317319631577, 0.08057950437068939, 0.08505583554506302, 0.08953216671943665, 0.09400849044322968, 0.0984848216176033, 0.10296115279197693, 0.10743748396635056, 0.11191381514072418, 0.11639014631509781, 0.12086647748947144, 0.12534280121326447, 0.1298191398382187, 0.13429546356201172, 0.13877180218696594, 0.14324812591075897]}, "gradients/conv2.0.weight": {"_type": "histogram", "values": [1.0, 0.0, 1.0, 1.0, 2.0, 4.0, 3.0, 2.0, 11.0, 8.0, 5.0, 16.0, 16.0, 15.0, 28.0, 42.0, 51.0, 87.0, 144.0, 183.0, 304.0, 465.0, 669.0, 1009.0, 1580.0, 2572.0, 4503.0, 7169.0, 10774.0, 8909.0, 4783.0, 2841.0, 1628.0, 1062.0, 717.0, 492.0, 318.0, 227.0, 179.0, 94.0, 76.0, 42.0, 37.0, 18.0, 18.0, 9.0, 15.0, 19.0, 13.0, 13.0, 10.0, 2.0, 2.0, 3.0, 1.0, 1.0, 2.0, 1.0, 1.0, 0.0, 1.0, 0.0, 0.0, 1.0],