{"gradients/fc.bias": {"_type": "histogram", "values": [1.0, 0.0, 0.0, 0.0, 0.0, 0.0, 0.0, 0.0, 0.0, 0.0, 0.0, 0.0, 0.0, 0.0, 0.0, 0.0, 0.0, 1.0, 0.0, 0.0, 0.0, 0.0, 0.0, 0.0, 0.0, 0.0, 0.0, 0.0, 0.0, 0.0, 2.0, 2.0, 0.0, 1.0, 0.0, 0.0, 0.0, 0.0, 0.0, 1.0, 1.0, 0.0, 0.0, 0.0, 0.0, 0.0, 0.0, 0.0, 0.0, 0.0, 0.0, 0.0, 0.0, 0.0, 0.0, 0.0, 0.0, 0.0, 0.0, 0.0, 0.0, 0.0, 0.0, 1.0], "bins": [-0.0002995198010466993, -0.0002901218831539154, -0.0002807239652611315, -0.00027132604736834764, -0.00026192812947556376, -0.0002525302115827799, -0.00024313230824191123, -0.00023373439034912735, -0.00022433647245634347, -0.0002149385545635596, -0.0002055406366707757, -0.00019614271877799183, -0.00018674481543712318, -0.0001773468975443393, -0.00016794897965155542, -0.00015855106175877154, -0.00014915314386598766, -0.00013975522597320378, -0.0001303573080804199, -0.00012095939746359363, -0.00011156147957080975, -0.00010216356167802587, -9.27656510611996e-05, -8.336773316841573e-05, -7.396981527563184e-05, -6.457189738284796e-05, -5.517398312804289e-05, -4.577606887323782e-05, -3.637815098045394e-05, -2.6980233087670058e-05, -1.7582318832864985e-05, -8.184404578059912e-06, 1.2134842108935118e-06, 1.0611400284687988e-05, 2.0009316358482465e-05, 2.9407232432276942e-05, 3.880514850607142e-05, 4.82030663988553e-05, 5.760098065366037e-05, 6.699889490846545e-05, 7.639681280124933e-05, 8.57947306940332e-05, 9.519264858681709e-05, 0.00010459055920364335, 0.00011398847709642723, 0.0001233863877132535, 0.00013278430560603738, 0.00014218222349882126, 0.00015158014139160514, 0.00016097805928438902, 0.0001703759771771729, 0.00017977389506995678, 0.00018917181296274066, 0.00019856973085552454, 0.0002079676341963932, 0.00021736555208917707, 0.00022676346998196095, 0.00023616138787474483, 0.0002455592912156135, 0.00025495720910839736, 0.00026435512700118124, 0.0002737530448939651, 0.000283150962786749, 0.0002925488806795329, 0.00030194679857231677]}, "_timestamp": 1683100383.721388, "gradients/fc.weight": {"_type": "histogram", "values": [1.0, 0.0, 0.0, 0.0, 0.0, 0.0, 0.0, 1.0, 0.0, 0.0, 0.0, 3.0, 1.0, 1.0, 3.0, 5.0, 4.0, 7.0, 3.0, 1.0, 8.0, 7.0, 18.0, 20.0, 21.0, 42.0, 51.0, 71.0, 91.0, 99.0, 207.0, 3426.0, 446.0, 178.0, 148.0, 68.0, 47.0, 34.0, 21.0, 23.0, 16.0, 10.0, 8.0, 2.0, 2.0, 6.0, 6.0, 4.0, 1.0, 2.0, 3.0, 0.0, 2.0, 0.0, 1.0, 0.0, 0.0, 0.0, 0.0, 0.0, 0.0, 0.0, 0.0, 1.0], "bins": [-0.0021396002266556025, -0.0020721950568258762, -0.00200478988699615, -0.0019373847171664238, -0.0018699795473366976, -0.0018025743775069714, -0.001735169324092567, -0.0016677641542628407, -0.0016003589844331145, -0.0015329538146033883, -0.001465548644773662, -0.0013981434749439359, -0.0013307384215295315, -0.0012633332516998053, -0.001195928081870079, -0.0011285229120403528, -0.0010611177422106266, -0.0009937125723809004, -0.0009263074025511742, -0.0008589022909291089, -0.0007914971210993826, -0.0007240919512696564, -0.0006566868396475911, -0.0005892816698178649, -0.0005218764999881387, -0.00045447133015841246, -0.0003870661894325167, -0.00031966104870662093, -0.0002522558788768947, -0.0001848507090471685, -0.00011744556832127273, -5.004042759537697e-05, 1.736474223434925e-05, 8.476989751216024e-05, 0.00015217505278997123, 0.00021958020806778222, 0.0002869853633455932, 0.00035439053317531943, 0.0004217956739012152, 0.000489200814627111, 0.0005566059844568372, 0.0006240111542865634, 0.0006914163241162896, 0.0007588214357383549, 0.0008262266055680811, 0.0008936317753978074, 0.0009610368870198727, 0.0010284420568495989, 0.001095847226679325, 0.0011632523965090513, 0.0012306575663387775, 0.0012980627361685038, 0.00136546790599823, 0.0014328730758279562, 0.0015002781292423606, 0.0015676832990720868, 0.001635088468901813, 0.0017024936387315392, 0.0017698988085612655, 0.0018373039783909917, 0.001904709031805396, 0.0019721142016351223, 0.0020395193714648485, 0.0021069245412945747, 0.002174329711124301]}, "gradients/fc1.0.bias": {"_type": "histogram", "values": [1.0, 2.0, 0.0, 0.0, 3.0, 3.0, 2.0, 3.0, 3.0, 2.0, 3.0, 2.0, 4.0, 7.0, 5.0, 3.0, 3.0, 7.0, 8.0, 10.0, 7.0, 11.0, 8.0, 13.0, 18.0, 18.0, 23.0, 23.0, 34.0, 85.0, 32.0, 24.0, 25.0, 16.0, 17.0, 16.0, 7.0, 6.0, 6.0, 8.0, 6.0, 3.0, 6.0, 3.0, 2.0, 1.0, 6.0, 5.0, 1.0, 1.0, 1.0, 1.0, 2.0, 3.0, 1.0, 0.0, 0.0, 0.0, 0.0, 0.0, 1.0, 0.0, 0.0, 1.0], "bins": [-0.00012871262151747942, -0.0001243785081896931, -0.00012004439486190677, -0.00011571028881007805, -0.00011137617548229173, -0.0001070420621545054, -0.00010270795610267669, -9.837384277489036e-05, -9.403972944710404e-05, -8.970561611931771e-05, -8.537150279153138e-05, -8.103739673970267e-05, -7.670328341191635e-05, -7.236917008413002e-05, -6.80350640323013e-05, -6.370095070451498e-05, -5.9366837376728654e-05, -5.503272404894233e-05, -5.069861435913481e-05, -4.636450466932729e-05, -4.203039134154096e-05, -3.7696278013754636e-05, -3.336216832394712e-05, -2.9028056815150194e-05, -2.469394530635327e-05, -2.0359833797556348e-05, -1.6025722288759425e-05, -1.1691610779962502e-05, -7.3574992711655796e-06, -3.0233877623686567e-06, 1.3107237464282662e-06, 5.644835255225189e-06, 9.97896131593734e-06, 1.4313072824734263e-05, 1.8647184333531186e-05, 2.298129584232811e-05, 2.7315407351125032e-05, 3.164952067891136e-05, 3.598363036871888e-05, 4.03177400585264e-05, 4.465185338631272e-05, 4.898596671409905e-05, 5.332007640390657e-05, 5.765418609371409e-05, 6.198829942150041e-05, 6.632241274928674e-05, 7.065651880111545e-05, 7.499063212890178e-05, 7.93247454566881e-05, 8.365885878447443e-05, 8.799297211226076e-05, 9.232707816408947e-05, 9.66611914918758e-05, 0.00010099530481966212, 0.00010532941087149084, 0.00010966352419927716, 0.00011399763752706349, 0.00011833175085484982, 0.00012266586418263614, 0.00012699997751042247, 0.0001313340908382088, 0.0001356681896140799, 0.00014000230294186622, 0.00014433641626965255, 0.00014867052959743887]}, "gradients/fc1.0.weight": {"_type": "histogram", "values": [9.0, 0.0, 0.0, 0.0, 4.0, 12.0, 11.0, 12.0, 1.0, 13.0, 11.0, 20.0, 21.0, 26.0, 18.0, 31.0, 53.0, 58.0, 87.0, 131.0, 197.0, 258.0, 400.0, 603.0, 984.0, 1517.0, 2431.0, 3891.0, 6596.0, 11803.0, 22901.0, 52761.0, 512864.0, 132012.0, 35028.0, 15200.0, 7909.0, 4532.0, 2543.0, 1571.0, 932.0, 602.0, 385.0, 224.0, 132.0, 95.0, 82.0, 50.0, 59.0, 23.0, 8.0, 20.0, 18.0, 9.0, 12.0, 3.0, 3.0, 2.0, 9.0, 4.0, 3.0, 2.0, 1.0, 3.0], "bins": [-0.001185666536912322, -0.0011496056104078889, -0.0011135448003187776, -0.0010774838738143444, -0.0010414229473099113, -0.001005362020805478, -0.0009693012107163668, -0.0009332402842119336, -0.0008971794159151614, -0.0008611185476183891, -0.000825057621113956, -0.0007889967528171837, -0.0007529358845204115, -0.0007168749580159783, -0.0006808140897192061, -0.0006447532214224339, -0.0006086922949180007, -0.0005726314266212285, -0.0005365705001167953, -0.0005005096318200231, -0.00046444873441942036, -0.00042838783701881766, -0.0003923269687220454, -0.0003562660713214427, -0.00032020517392084, -0.0002841442765202373, -0.00024808337911963463, -0.0002120225108228624, -0.0001759616134222597, -0.000139900716021657, -0.00010383983317296952, -6.777895032428205e-05, -3.171816933900118e-05, 4.342720785643905e-06, 4.040361091028899e-05, 7.646450103493407e-05, 0.00011252539115957916, 0.00014858628856018186, 0.00018464717140886933, 0.0002207080542575568, 0.0002567689516581595, 0.0002928298490587622, 0.0003288907464593649, 0.00036495161475613713, 0.00040101251215673983, 0.00043707340955734253, 0.00047313427785411477, 0.000509195146150887, 0.0005452560726553202, 0.0005813169409520924, 0.0006173778674565256, 0.0006534387357532978, 0.000689499662257731, 0.0007255605305545032, 0.0007616213988512754, 0.0007976823253557086, 0.0008337431936524808, 0.0008698040619492531, 0.0009058649884536862, 0.0009419258567504585, 0.0009779867250472307, 0.0010140476515516639, 0.001050108578056097, 0.0010861693881452084, 0.0011222303146496415]}, "gradients/conv2.0.weight": {"_type": "histogram",