{"avg_train_loss": 0.5157907362563743, "test_acc": 0.7254666666666667, "_timestamp": 1683181034.9607596, "_runtime": 119.03051972389221, "_step": 10, "_wandb": {"runtime": 119}}