{"gradients/fc.bias": {"_type": "histogram", "values": [2.0, 0.0, 0.0, 1.0, 1.0, 0.0, 0.0, 0.0, 0.0, 0.0, 0.0, 0.0, 0.0, 0.0, 1.0, 0.0, 0.0, 0.0, 0.0, 1.0, 0.0, 0.0, 0.0, 0.0, 0.0, 0.0, 0.0, 0.0, 0.0, 0.0, 0.0, 0.0, 1.0, 1.0, 0.0, 0.0, 0.0, 1.0, 0.0, 0.0, 0.0, 0.0, 0.0, 0.0, 0.0, 0.0, 0.0, 0.0, 0.0, 0.0, 0.0, 0.0, 0.0, 0.0, 0.0, 0.0, 0.0, 0.0, 0.0, 0.0, 0.0, 0.0, 0.0, 1.0], "bins": [-0.060527559369802475, -0.05763658881187439, -0.054745618253946304, -0.05185464769601822, -0.048963673412799835, -0.04607270658016205, -0.043181732296943665, -0.04029076173901558, -0.037399791181087494, -0.03450882062315941, -0.03161785006523132, -0.02872687764465809, -0.025835907086730003, -0.022944936528801918, -0.020053964108228683, -0.017162993550300598, -0.014272022992372513, -0.011381052434444427, -0.008490080945193768, -0.005599109455943108, -0.0027081388980150223, 0.00018283165991306305, 0.0030738040804862976, 0.005964774638414383, 0.008855745196342468, 0.011746715754270554, 0.014637687243521214, 0.017528658732771873, 0.02041962929069996, 0.023310599848628044, 0.02620157226920128, 0.029092542827129364, 0.03198350965976715, 0.034874480217695236, 0.03776545077562332, 0.040656425058841705, 0.04354739189147949, 0.046438366174697876, 0.04932933673262596, 0.05222030729055405, 0.05511127784848213, 0.05800224840641022, 0.0608932189643383, 0.06378418952226639, 0.06667516380548477, 0.06956613063812256, 0.07245710492134094, 0.07534807920455933, 0.07823904603719711, 0.0811300203204155, 0.08402098715305328, 0.08691196143627167, 0.08980292826890945, 0.09269390255212784, 0.09558486938476562, 0.09847584366798401, 0.10136681795120239, 0.10425779223442078, 0.10714875906705856, 0.11003973335027695, 0.11293070018291473, 0.11582167446613312, 0.1187126487493515, 0.12160361558198929, 0.12449458241462708]}, "_timestamp": 1683181943.2872036, "gradients/fc.weight": {"_type": "histogram", "values": [2.0, 2.0, 4.0, 3.0, 1.0, 2.0, 2.0, 7.0, 4.0, 7.0, 13.0, 10.0, 10.0, 13.0, 18.0, 19.0, 34.0, 49.0, 57.0, 69.0, 106.0, 152.0, 210.0, 256.0, 346.0, 2137.0, 733.0, 346.0, 168.0, 80.0, 46.0, 27.0, 21.0, 13.0, 14.0, 13.0, 10.0, 12.0, 12.0, 5.0, 12.0, 10.0, 10.0, 4.0, 9.0, 5.0, 10.0, 3.0, 3.0, 4.0, 5.0, 0.0, 3.0, 1.0, 1.0, 2.0, 0.0, 2.0, 0.0, 2.0, 0.0, 0.0, 0.0, 1.0], "bins": [-0.2565855085849762, -0.24649524688720703, -0.23640497028827667, -0.2263147085905075, -0.21622443199157715, -0.20613417029380798, -0.19604390859603882, -0.18595364689826965, -0.1758633702993393, -0.16577310860157013, -0.15568283200263977, -0.1455925703048706, -0.13550230860710144, -0.12541203200817108, -0.11532177031040192, -0.10523150116205215, -0.09514123201370239, -0.08505096286535263, -0.07496069371700287, -0.0648704320192337, -0.05478016287088394, -0.04468989372253418, -0.034599628299474716, -0.024509362876415253, -0.01441909372806549, -0.004328826442360878, 0.005761440843343735, 0.015851708129048347, 0.02594197541475296, 0.03603224456310272, 0.046122509986162186, 0.05621277540922165, 0.0663030743598938, 0.07639334350824356, 0.08648361265659332, 0.09657387435436249, 0.10666414350271225, 0.11675441265106201, 0.12684467434883118, 0.13693493604660034, 0.1470252126455307, 0.15711547434329987, 0.16720575094223022, 0.1772960126399994, 0.18738627433776855, 0.1974765509366989, 0.20756681263446808, 0.21765708923339844, 0.2277473509311676, 0.23783761262893677, 0.24792788922786713, 0.2580181658267975, 0.26810842752456665, 0.2781986892223358, 0.288288950920105, 0.29837921261787415, 0.3084694743156433, 0.3185597360134125, 0.32864999771118164, 0.3387402892112732, 0.34883055090904236, 0.3589208126068115, 0.3690110743045807, 0.37910133600234985, 0.3891916275024414]}, "gradients/fc1.0.bias": {"_type": "histogram", "values": [1.0, 0.0, 0.0, 1.0, 0.0, 0.0, 0.0, 0.0, 0.0, 0.0, 2.0, 0.0, 1.0, 2.0, 1.0, 1.0, 3.0, 4.0, 3.0, 1.0, 3.0, 3.0, 9.0, 6.0, 5.0, 8.0, 13.0, 9.0, 15.0, 14.0, 15.0, 20.0, 20.0, 21.0, 30.0, 19.0, 71.0, 20.0, 16.0, 18.0, 17.0, 18.0, 13.0, 8.0, 15.0, 12.0, 9.0, 6.0, 6.0, 7.0, 7.0, 11.0, 5.0, 5.0, 3.0, 4.0, 1.0, 2.0, 0.0, 2.0, 0.0, 1.0, 1.0, 4.0], "bins": [-0.028289901092648506, -0.027512967586517334, -0.02673603594303131, -0.02595910243690014, -0.025182168930768967, -0.024405237287282944, -0.02362830378115177, -0.0228513702750206, -0.022074438631534576, -0.021297505125403404, -0.02052057348191738, -0.01974363997578621, -0.018966706469655037, -0.018189772963523865, -0.017412841320037842, -0.01663590781390667, -0.015858974307775497, -0.0150820417329669, -0.014305108226835728, -0.01352817565202713, -0.012751242145895958, -0.01197430957108736, -0.011197376996278763, -0.01042044349014759, -0.009643510915338993, -0.008866578340530396, -0.008089644834399223, -0.007312712259590626, -0.006535779219120741, -0.005758846178650856, -0.0049819136038422585, -0.004204980563372374, -0.003428049385547638, -0.002651116345077753, -0.0018741835374385118, -0.0010972507297992706, -0.00032031768932938576, 0.0004566153511404991, 0.0012335479259490967, 0.0020104809664189816, 0.0027874140068888664, 0.0035643470473587513, 0.004341280087828636, 0.005118212662637234, 0.005895145703107119, 0.0066720787435770035, 0.007449011318385601, 0.008225943893194199, 0.00900287739932537, 0.009779809974133968, 0.01055674348026514, 0.011333676055073738, 0.01211060956120491, 0.012887542136013508, 0.013664474710822105, 0.014441408216953278, 0.015218340791761875, 0.015995273366570473, 0.016772206872701645, 0.017549138516187668, 0.01832607202231884, 0.019103005528450012, 0.019879937171936035, 0.020656870678067207, 0.02143380418419838]}, "gradients/fc1.0.weight": {"_type": "histogram", "values": [1.0, 0.0, 0.0, 0.0, 2.0, 6.0, 7.0, 7.0, 7.0, 10.0, 20.0, 29.0, 37.0, 52.0, 76.0, 95.0, 147.0, 190.0, 248.0, 371.0, 454.0, 639.0, 822.0, 1028.0, 1536.0, 2030.0, 2729.0, 3788.0, 5329.0, 7942.0, 11767.0, 18698.0, 31971.0, 58746.0, 129622.0, 325367.0, 81711.0, 43414.0, 27829.0, 18480.0, 12777.0, 8792.0, 6271.0, 4578.0, 3146.0, 2256.0, 1717.0, 1272.0, 866.0, 649.0, 500.0, 360.0, 245.0, 180.0, 130.0, 96.0, 63.0, 31.0, 26.0, 18.0, 11.0, 8.0, 0.0, 1.0], "bins": [-0.07074184715747833, -0.06873905658721924, -0.06673627346754074, -0.06473348289728165, -0.06273069232702255, -0.06072790548205376, -0.05872511863708496, -0.05672232806682587, -0.05471954122185707, -0.052716754376888275, -0.05071396380662918, -0.048711176961660385, -0.04670839011669159, -0.044705599546432495, -0.0427028127014637, -0.040700025856494904, -0.03869723528623581, -0.036694448441267014, -0.03469165787100792, -0.032688871026039124, -0.03068608231842518, -0.028683293610811234, -0.026680506765842438, -0.024677718058228493, -0.022674929350614548, -0.020672140643000603, -0.018669351935386658, -0.016666565090417862, -0.014663776382803917, -0.012660987675189972, -0.010658199898898602, -0.008655412122607231, -0.006652619689702988, -0.00464983144775033, -0.0026470432057976723, -0.0006442549638450146, 0.0013585332781076431, 0.003361321985721588, 0.0053641097620129585, 0.007366897538304329, 0.009369686245918274, 0.011372474953532219, 0.01337526272982359, 0.01537805050611496, 0.017380839213728905, 0.01938362792134285, 0.021386414766311646, 0.02338920347392559, 0.025391992181539536, 0.02739478088915348, 0.029397569596767426, 0.03140035644173622, 0.03340314328670502, 0.03540593385696411, 0.03740872070193291, 0.0394115075469017, 0.0414142981171608, 0.04341708496212959, 0.04541987553238869, 0.04742266237735748, 0.04942545294761658, 0.05142823979258537, 0.05343102663755417, 0.05543381720781326, 0.05743660405278206]}, "gradients/conv2.0.weight": {"_type": "histogram", "values": [1.0, 0.0, 0.0, 1.0, 1.0, 5.0, 3.0, 9.0, 5.0, 14.0, 16.0, 27.0, 17.0, 34.0, 50.0, 79.0, 102.0, 154.0, 259.0, 384.0, 512.0, 668.0, 890.0, 1272.0, 1809.0, 2699.0, 4040.0, 6129.0, 8586.0, 7501.0, 5050.0, 3157.0, 1959.0, 1477.0, 1035.0, 812.0, 571.0, 454.0, 387.0, 232.0, 193.0, 143.0, 108.0, 62.0, 58.0, 45.0, 36.0, 34.0, 25.0, 20.0, 19.0, 16.0, 7.0, 9.0, 2.0, 6.0, 6.0, 1.0, 3.0, 3.0, 2.0, 0.0, 0.0, 1.0],