{"gradients/fc.bias": {"_type": "histogram", "values": [1.0, 0.0, 0.0, 1.0, 0.0, 0.0, 0.0, 0.0, 0.0, 0.0, 0.0, 0.0, 0.0, 0.0, 0.0, 0.0, 0.0, 0.0, 0.0, 0.0, 0.0, 0.0, 1.0, 0.0, 0.0, 1.0, 0.0, 0.0, 1.0, 1.0, 0.0, 0.0, 0.0, 1.0, 2.0, 0.0, 0.0, 0.0, 0.0, 0.0, 0.0, 0.0, 0.0, 0.0, 0.0, 0.0, 0.0, 0.0, 0.0, 0.0, 0.0, 0.0, 0.0, 0.0, 0.0, 0.0, 0.0, 0.0, 0.0, 0.0, 0.0, 0.0, 0.0, 1.0], "bins": [-0.08000925183296204, -0.07712176442146301, -0.07423427700996399, -0.07134678214788437, -0.06845929473638535, -0.06557180732488632, -0.0626843124628067, -0.05979682505130768, -0.056909337639808655, -0.05402185022830963, -0.05113435909152031, -0.04824686795473099, -0.045359380543231964, -0.04247189313173294, -0.03958440199494362, -0.0366969108581543, -0.03380942344665527, -0.0309219341725111, -0.028034444898366928, -0.025146955624222755, -0.022259466350078583, -0.01937197707593441, -0.016484487801790237, -0.013596998527646065, -0.010709509253501892, -0.00782201997935772, -0.004934530705213547, -0.002047041431069374, 0.0008404478430747986, 0.0037279371172189713, 0.006615426391363144, 0.009502915665507317, 0.01239040493965149, 0.015277894213795662, 0.018165383487939835, 0.021052872762084007, 0.02394036203622818, 0.026827851310372353, 0.029715340584516525, 0.03260283172130585, 0.03549031913280487, 0.038377806544303894, 0.041265297681093216, 0.04415278881788254, 0.04704027622938156, 0.049927763640880585, 0.05281525477766991, 0.05570274591445923, 0.05859023332595825, 0.061477720737457275, 0.0643652081489563, 0.06725270301103592, 0.07014019042253494, 0.07302767783403397, 0.07591517269611359, 0.07880266010761261, 0.08169014751911163, 0.08457763493061066, 0.08746512234210968, 0.0903526172041893, 0.09324010461568832, 0.09612759202718735, 0.09901508688926697, 0.10190257430076599, 0.10479006171226501]}, "_timestamp": 1683181959.9701762, "gradients/fc.weight": {"_type": "histogram", "values": [1.0, 0.0, 0.0, 1.0, 0.0, 3.0, 2.0, 2.0, 2.0, 1.0, 2.0, 4.0, 8.0, 4.0, 8.0, 6.0, 7.0, 8.0, 13.0, 11.0, 14.0, 23.0, 14.0, 25.0, 24.0, 30.0, 30.0, 45.0, 51.0, 88.0, 161.0, 406.0, 3188.0, 442.0, 168.0, 76.0, 53.0, 35.0, 22.0, 23.0, 19.0, 9.0, 10.0, 10.0, 6.0, 12.0, 4.0, 8.0, 6.0, 8.0, 2.0, 4.0, 4.0, 2.0, 3.0, 2.0, 3.0, 1.0, 2.0, 1.0, 0.0, 1.0, 0.0, 2.0], "bins": [-0.28751033544540405, -0.2785871624946594, -0.2696639895439148, -0.26074081659317017, -0.25181764364242554, -0.2428944855928421, -0.23397132754325867, -0.22504815459251404, -0.2161249816417694, -0.20720180869102478, -0.19827863574028015, -0.18935547769069672, -0.1804323047399521, -0.17150913178920746, -0.16258597373962402, -0.1536628007888794, -0.14473962783813477, -0.13581645488739014, -0.1268932819366455, -0.11797012388706207, -0.10904695093631744, -0.10012377798557281, -0.09120061248540878, -0.08227744698524475, -0.07335427403450012, -0.0644311010837555, -0.05550793558359146, -0.04658476635813713, -0.0376615971326828, -0.02873842790722847, -0.01981525868177414, -0.010892089456319809, -0.001968950033187866, 0.006954219192266464, 0.015877388417720795, 0.024800557643175125, 0.033723726868629456, 0.042646896094083786, 0.051570065319538116, 0.06049323454499245, 0.06941640377044678, 0.0783395767211914, 0.08726274222135544, 0.09618590772151947, 0.1051090806722641, 0.11403225362300873, 0.12295541912317276, 0.1318785846233368, 0.14080175757408142, 0.14972493052482605, 0.15864810347557068, 0.1675712615251541, 0.17649443447589874, 0.18541760742664337, 0.1943407654762268, 0.20326393842697144, 0.21218711137771606, 0.2211102843284607, 0.23003345727920532, 0.23895661532878876, 0.2478797882795334, 0.2568029463291168, 0.26572611927986145, 0.2746492922306061, 0.2835724651813507]}, "gradients/fc1.0.bias": {"_type": "histogram", "values": [1.0, 0.0, 0.0, 0.0, 0.0, 1.0, 1.0, 3.0, 1.0, 6.0, 3.0, 3.0, 4.0, 3.0, 1.0, 2.0, 5.0, 3.0, 5.0, 8.0, 11.0, 11.0, 15.0, 16.0, 17.0, 16.0, 46.0, 38.0, 45.0, 80.0, 21.0, 12.0, 22.0, 6.0, 11.0, 10.0, 10.0, 12.0, 6.0, 7.0, 9.0, 5.0, 12.0, 4.0, 3.0, 1.0, 2.0, 0.0, 4.0, 3.0, 1.0, 1.0, 0.0, 0.0, 0.0, 2.0, 0.0, 0.0, 0.0, 0.0, 1.0, 0.0, 1.0, 1.0], "bins": [-0.02951762266457081, -0.028501054272055626, -0.027484487742185593, -0.02646791934967041, -0.025451350957155228, -0.024434784427285194, -0.023418216034770012, -0.02240164950489998, -0.021385081112384796, -0.020368512719869614, -0.01935194618999958, -0.018335377797484398, -0.017318811267614365, -0.016302242875099182, -0.015285674482584, -0.014269107021391392, -0.013252539560198784, -0.012235972099006176, -0.011219404637813568, -0.010202836245298386, -0.009186268784105778, -0.00816970132291317, -0.007153133396059275, -0.0061365654692053795, -0.005119998008012772, -0.004103430546820164, -0.0030868626199662685, -0.002070294925943017, -0.0010537272319197655, -3.715977072715759e-05, 0.0009794081561267376, 0.0019959760829806328, 0.0030125416815280914, 0.004029109142720699, 0.0050456770695745945, 0.00606224499642849, 0.0070788124576210976, 0.008095379918813705, 0.009111948311328888, 0.010128515772521496, 0.011145083233714104, 0.012161650694906712, 0.01317821815609932, 0.014194786548614502, 0.01521135400980711, 0.016227921470999718, 0.0172444898635149, 0.018261056393384933, 0.019277624785900116, 0.0202941931784153, 0.02131075970828533, 0.022327328100800514, 0.023343894630670547, 0.02436046302318573, 0.025377031415700912, 0.026393599808216095, 0.027410166338086128, 0.02842673473060131, 0.029443301260471344, 0.030459869652986526, 0.03147643804550171, 0.03249300271272659, 0.033509571105241776, 0.03452613949775696, 0.03554270789027214]}, "gradients/fc1.0.weight": {"_type": "histogram", "values": [3.0, 2.0, 3.0, 3.0, 3.0, 7.0, 8.0, 14.0, 19.0, 20.0, 31.0, 37.0, 69.0, 77.0, 113.0, 179.0, 219.0, 345.0, 535.0, 827.0, 1140.0, 1899.0, 3127.0, 4930.0, 8661.0, 15775.0, 34071.0, 115407.0, 512622.0, 57633.0, 26311.0, 14079.0, 7806.0, 4725.0, 3003.0, 1828.0, 1214.0, 789.0, 527.0, 346.0, 234.0, 172.0, 111.0, 77.0, 53.0, 37.0, 33.0, 21.0, 10.0, 14.0, 8.0, 6.0, 8.0, 4.0, 1.0, 1.0, 1.0, 1.0, 0.0, 0.0, 0.0, 0.0, 0.0, 1.0], "bins": [-0.1470051407814026, -0.14181309938430786, -0.13662107288837433, -0.1314290314912796, -0.12623699009418488, -0.12104495614767075, -0.11585292220115662, -0.11066088080406189, -0.10546883940696716, -0.10027680546045303, -0.0950847640633583, -0.08989273011684418, -0.08470068871974945, -0.07950865477323532, -0.07431662082672119, -0.06912457942962646, -0.06393254548311234, -0.05874050781130791, -0.05354847013950348, -0.04835643619298935, -0.04316439479589462, -0.03797236084938049, -0.032780323177576065, -0.027588285505771637, -0.02239624783396721, -0.01720421016216278, -0.012012173421680927, -0.006820136681199074, -0.0016280990093946457, 0.0035639386624097824, 0.008755974471569061, 0.01394801214337349, 0.019140049815177917, 0.024332087486982346, 0.029524125158786774, 0.0347161591053009, 0.03990820050239563, 0.04510023444890976, 0.05029227212071419, 0.055484309792518616, 0.060676347464323044, 0.06586838513612747, 0.0710604190826416, 0.07625246047973633, 0.08144449442625046, 0.08663653582334518, 0.09182856976985931, 0.09702061116695404, 0.10221264511346817, 0.1074046790599823, 0.11259672045707703, 0.11778875440359116, 0.12298079580068588, 0.1281728297472, 0.13336487114429474, 0.13855689764022827, 0.143748939037323, 0.14894098043441772, 0.15413300693035126, 0.15932504832744598, 0.1645170897245407, 0.16970913112163544, 0.17490115761756897, 0.1800931990146637, 0.18528524041175842]}, "gradients/conv2.0.weight": {"_type": "histogram", "values": [2.0, 3.0, 5.0, 5.0, 4.0, 8.0, 7.0, 13.0, 12.0, 18.0, 29.0, 40.0, 68.0, 80.0, 97.0, 152.0, 186.0, 269.0, 379.0, 645.0, 949.0, 1432.0, 2049.0, 3020.0, 4204.0, 5565.0, 7427.0, 6823.0, 4841.0, 3464.0, 2513.0, 1868.0, 1330.0, 933.0, 676.0, 486.0, 378.0, 275.0, 212.0, 178.0, 117.0, 102.0, 76.0, 50.0, 43.0, 47.0, 28.0, 16.0, 12.0, 11.0, 14.0, 7.0, 4.0, 2.0, 5.0, 2.0, 6.0, 1.0, 4.0, 3.0, 2.0, 0.0, 0.0, 3.0],