{"avg_train_loss": 0.5162078939937055, "test_acc": 0.7228666666666667, "_timestamp": 1683180036.875269, "_runtime": 116.94830584526062, "_step": 10, "_wandb": {"runtime": 117}}