{"avg_train_loss": 0.14582288198176924, "test_acc": 0.8061333333333334, "_timestamp": 1683180132.7782989, "_runtime": 212.6890149116516, "_step": 21, "gradients/fc.bias": {"_type": "histogram", "values": [1.0, 0.0, 0.0, 0.0, 0.0, 0.0, 0.0, 0.0, 0.0, 0.0, 0.0, 0.0, 0.0, 0.0, 0.0, 0.0, 0.0, 0.0, 0.0, 0.0, 0.0, 0.0, 0.0, 1.0, 0.0, 0.0, 0.0, 0.0, 0.0, 1.0, 1.0, 0.0, 0.0, 0.0, 0.0, 0.0, 1.0, 1.0, 0.0, 1.0, 0.0, 0.0, 0.0, 1.0, 0.0, 0.0, 0.0, 0.0, 0.0, 0.0, 0.0, 0.0, 1.0, 0.0, 0.0, 0.0, 0.0, 0.0, 0.0, 0.0, 0.0, 0.0, 0.0, 1.0], "bins": [-0.09510522335767746, -0.09244251251220703, -0.089779794216156, -0.08711708337068558, -0.08445437252521515, -0.08179166167974472, -0.07912895083427429, -0.07646623253822327, -0.07380352169275284, -0.07114081084728241, -0.06847809255123138, -0.06581538170576096, -0.06315267086029053, -0.0604899600148201, -0.05782724544405937, -0.055164530873298645, -0.05250182002782822, -0.04983910918235779, -0.04717639461159706, -0.044513680040836334, -0.041850969195365906, -0.03918825834989548, -0.03652554377913475, -0.03386282920837402, -0.031200118362903595, -0.028537405654788017, -0.02587469294667244, -0.023211980238556862, -0.020549267530441284, -0.017886554822325706, -0.015223842114210129, -0.012561129406094551, -0.00989842414855957, -0.007235711440443993, -0.004572998732328415, -0.0019102860242128372, 0.0007524266839027405, 0.003415139392018318, 0.006077852100133896, 0.008740564808249474, 0.011403277516365051, 0.014065990224480629, 0.016728702932596207, 0.019391415640711784, 0.022054128348827362, 0.02471684105694294, 0.027379553765058517, 0.030042266473174095, 0.03270497918128967, 0.0353676900267601, 0.03803040459752083, 0.040693119168281555, 0.043355830013751984, 0.04601854085922241, 0.04868125542998314, 0.051343970000743866, 0.054006680846214294, 0.05666939169168472, 0.05933210626244545, 0.06199482083320618, 0.0646575316786766, 0.06732024252414703, 0.06998296082019806, 0.07264567166566849, 0.07530838251113892]}, "gradients/fc.weight": {"_type": "histogram", "values": [2.0, 0.0, 0.0, 0.0, 3.0, 1.0, 2.0, 3.0, 2.0, 2.0, 1.0, 2.0, 6.0, 4.0, 2.0, 4.0, 4.0, 3.0, 6.0, 6.0, 5.0, 7.0, 8.0, 11.0, 5.0, 7.0, 10.0, 20.0, 38.0, 39.0, 60.0, 97.0, 156.0, 269.0, 2868.0, 850.0, 210.0, 122.0, 70.0, 48.0, 28.0, 26.0, 15.0, 10.0, 11.0, 13.0, 5.0, 7.0, 7.0, 4.0, 6.0, 3.0, 6.0, 3.0, 4.0, 3.0, 3.0, 1.0, 6.0, 1.0, 1.0, 2.0, 1.0, 1.0], "bins": [-0.2727392613887787, -0.2648942470550537, -0.25704923272132874, -0.24920420348644257, -0.2413591891527176, -0.23351417481899261, -0.22566914558410645, -0.21782413125038147, -0.2099791169166565, -0.20213410258293152, -0.19428908824920654, -0.18644405901432037, -0.1785990446805954, -0.17075403034687042, -0.16290900111198425, -0.15506398677825928, -0.1472189724445343, -0.13937395811080933, -0.13152894377708435, -0.12368391454219818, -0.1158389002084732, -0.10799388587474823, -0.10014886409044266, -0.09230384230613708, -0.08445882797241211, -0.07661381363868713, -0.06876879185438156, -0.06092377379536629, -0.05307875573635101, -0.04523373767733574, -0.037388719618320465, -0.02954370155930519, -0.021698683500289917, -0.013853665441274643, -0.006008647382259369, 0.0018363706767559052, 0.00968138873577118, 0.017526406794786453, 0.025371424853801727, 0.033216442912817, 0.041061460971832275, 0.04890647903084755, 0.056751497089862823, 0.0645965188741684, 0.07244153320789337, 0.08028654754161835, 0.08813156932592392, 0.09597659111022949, 0.10382160544395447, 0.11166661977767944, 0.11951164156198502, 0.1273566633462906, 0.13520167768001556, 0.14304669201374054, 0.1508917212486267, 0.15873673558235168, 0.16658174991607666, 0.17442676424980164, 0.1822717785835266, 0.19011680781841278, 0.19796182215213776, 0.20580683648586273, 0.2136518657207489, 0.22149688005447388, 0.22934189438819885]}, "gradients/fc1.0.bias": {"_type": "histogram", "values": [1.0, 0.0, 0.0, 0.0, 0.0, 0.0, 0.0, 0.0, 0.0, 1.0, 0.0, 0.0, 2.0, 1.0, 1.0, 1.0, 2.0, 1.0, 3.0, 0.0, 4.0, 4.0, 2.0, 2.0, 10.0, 5.0, 6.0, 8.0, 6.0, 12.0, 12.0, 16.0, 23.0, 29.0, 41.0, 122.0, 38.0, 29.0, 26.0, 18.0, 8.0, 10.0, 8.0, 5.0, 6.0, 7.0, 8.0, 3.0, 5.0, 2.0, 6.0, 4.0, 2.0, 2.0, 3.0, 2.0, 0.0, 0.0, 0.0, 2.0, 1.0, 0.0, 0.0, 2.0], "bins": [-0.036543555557727814, -0.03551827743649483, -0.03449299931526184, -0.033467721194028854, -0.03244244307279587, -0.03141716495156288, -0.030391884967684746, -0.02936660684645176, -0.028341328725218773, -0.027316050603985786, -0.0262907724827528, -0.025265494361519814, -0.024240214377641678, -0.02321493625640869, -0.022189658135175705, -0.02116438001394272, -0.020139101892709732, -0.019113823771476746, -0.01808854565024376, -0.017063267529010773, -0.016037989407777786, -0.015012710355222225, -0.013987431302666664, -0.012962153181433678, -0.011936875060200691, -0.010911596938967705, -0.009886318817734718, -0.008861039765179157, -0.00783576164394617, -0.006810483522713184, -0.005785204935818911, -0.004759926348924637, -0.0037346500903367996, -0.0027093717362731695, -0.0016840933822095394, -0.0006588150281459093, 0.0003664633259177208, 0.0013917414471507072, 0.002417020034044981, 0.0034422986209392548, 0.004467576742172241, 0.005492854863405228, 0.006518133450299501, 0.007543412037193775, 0.008568690158426762, 0.009593968279659748, 0.01061924733221531, 0.011644525453448296, 0.012669803574681282, 0.013695081695914268, 0.014720359817147255, 0.01574563793838024, 0.016770917922258377, 0.017796196043491364, 0.01882147416472435, 0.019846752285957336, 0.020872030407190323, 0.02189730852842331, 0.022922586649656296, 0.023947864770889282, 0.02497314289212227, 0.025998421013355255, 0.02702370099723339, 0.028048979118466377, 0.029074257239699364]}, "gradients/fc1.0.weight": {"_type": "histogram", "values": [1.0, 0.0, 1.0, 1.0, 1.0, 1.0, 1.0, 1.0, 3.0, 4.0, 3.0, 3.0, 5.0, 10.0, 11.0, 17.0, 17.0, 33.0, 44.0, 65.0, 132.0, 199.0, 336.0, 641.0, 1171.0, 2690.0, 6978.0, 26300.0, 624052.0, 126021.0, 18257.0, 6166.0, 2769.0, 1355.0, 730.0, 427.0, 275.0, 168.0, 95.0, 56.0, 33.0, 32.0, 21.0, 22.0, 9.0, 13.0, 3.0, 8.0, 5.0, 3.0, 2.0, 3.0, 0.0, 1.0, 0.0, 2.0, 0.0, 0.0, 1.0, 0.0, 1.0, 0.0, 0.0, 1.0], "bins": [-0.26137980818748474, -0.2523213028907776, -0.24326276779174805, -0.2342042475938797, -0.22514572739601135, -0.216087207198143, -0.20702868700027466, -0.1979701668024063, -0.18891164660453796, -0.17985312640666962, -0.17079460620880127, -0.16173608601093292, -0.15267756581306458, -0.14361904561519623, -0.13456052541732788, -0.12550200521945953, -0.11644348502159119, -0.10738496482372284, -0.09832644462585449, -0.08926792442798615, -0.0802094042301178, -0.07115088403224945, -0.062092363834381104, -0.053033843636512756, -0.04397532343864441, -0.03491680324077606, -0.025858283042907715, -0.016799762845039368, -0.0077412426471710205, 0.0013172775506973267, 0.010375797748565674, 0.01943431794643402, 0.028492838144302368, 0.037551358342170715, 0.04660987854003906, 0.05566839873790741, 0.06472691893577576, 0.0737854391336441, 0.08284395933151245, 0.0919024795293808, 0.10096099972724915, 0.11001951992511749, 0.11907804012298584, 0.1281365603208542, 0.13719508051872253, 0.14625360071659088, 0.15531212091445923, 0.16437064111232758, 0.17342916131019592, 0.18248768150806427, 0.19154620170593262, 0.20060472190380096, 0.2096632421016693, 0.21872176229953766, 0.227780282497406, 0.23683880269527435, 0.2458973228931427, 0.25495582818984985, 0.2640143632888794, 0.27307289838790894, 0.2821314036846161, 0.29118990898132324, 0.3002484440803528, 0.3093069791793823, 0.3183654844760895]}, "gradients/conv2.0.weight": {"_type": "histogram", "values": [1.0, 1.0, 1.0, 1.0, 2.0, 0.0, 4.0, 0.0, 3.0, 1.0, 8.0, 6.0, 13.0, 15.0, 18.0, 25.0, 40.0, 58.0, 48.0, 73.0, 112.0, 154.0, 181.0, 262.0, 337.0, 447.0, 575.0, 820.0, 1154.0, 1730.0, 2628.0, 4217.0, 7209.0, 11145.0, 7375.0, 4315.0, 2676.0, 1663.0, 1163.0, 704.0, 519.0, 403.0, 263.0, 170.0, 151.0, 112.0, 87.0, 63.0, 54.0, 47.0, 40.0, 23.0, 24.0, 8.0, 13.0, 9.0, 6.0, 2.0, 9.0, 4.0, 2.0, 3.0, 2.0, 1.0],