{"Global Test Accuracy": [0.4583333333333333, 0.5136666666666667, 0.5908666666666667, 0.6216], "Avg_Train_loss": [1.7894401371479034, 1.39305529806349, 1.2151822421749432, 1.0713097357551258], "_timestamp": 1683099937.7782304, "_runtime": 40.639960527420044, "_step": 0, "_wandb": {"runtime": 40}}