{"gradients/fc.bias": {"_type": "histogram", "values": [1.0, 0.0, 0.0, 0.0, 0.0, 0.0, 0.0, 0.0, 0.0, 0.0, 0.0, 0.0, 0.0, 0.0, 0.0, 0.0, 0.0, 0.0, 0.0, 0.0, 0.0, 1.0, 0.0, 0.0, 0.0, 0.0, 0.0, 0.0, 0.0, 0.0, 0.0, 0.0, 0.0, 0.0, 0.0, 0.0, 0.0, 0.0, 0.0, 1.0, 0.0, 1.0, 0.0, 1.0, 0.0, 1.0, 1.0, 0.0, 0.0, 0.0, 0.0, 0.0, 0.0, 0.0, 0.0, 0.0, 0.0, 0.0, 0.0, 0.0, 1.0, 1.0, 0.0, 1.0], "bins": [-0.14038744568824768, -0.1370689570903778, -0.13375046849250793, -0.13043199479579926, -0.12711350619792938, -0.12379501760005951, -0.12047652900218964, -0.11715804040431976, -0.11383955925703049, -0.11052107065916061, -0.10720258951187134, -0.10388410091400146, -0.10056561231613159, -0.09724713116884232, -0.09392864257097244, -0.09061016142368317, -0.0872916728258133, -0.08397318422794342, -0.08065470308065414, -0.07733621448278427, -0.074017733335495, -0.07069924473762512, -0.06738075613975525, -0.06406226754188538, -0.0607437863945961, -0.057425301522016525, -0.05410681664943695, -0.05078832805156708, -0.0474698431789875, -0.04415135830640793, -0.040832869708538055, -0.03751438483595848, -0.034195899963378906, -0.03087741509079933, -0.027558928355574608, -0.024240441620349884, -0.02092195674777031, -0.017603471875190735, -0.014284985139966011, -0.010966498404741287, -0.007648013532161713, -0.0043295277282595634, -0.0010110419243574142, 0.002307443879544735, 0.005625929683446884, 0.008944414556026459, 0.012262901291251183, 0.015581388026475906, 0.01889987289905548, 0.022218357771635056, 0.02553684450685978, 0.028855331242084503, 0.03217381611466408, 0.03549230098724365, 0.038810789585113525, 0.0421292744576931, 0.045447759330272675, 0.04876624420285225, 0.052084729075431824, 0.0554032176733017, 0.05872170254588127, 0.062040187418460846, 0.06535867601633072, 0.06867715716362, 0.07199564576148987]}, "_timestamp": 1683181989.3806715, "gradients/fc.weight": {"_type": "histogram", "values": [1.0, 0.0, 0.0, 0.0, 2.0, 0.0, 1.0, 3.0, 2.0, 4.0, 0.0, 3.0, 5.0, 6.0, 3.0, 12.0, 9.0, 11.0, 18.0, 18.0, 22.0, 18.0, 21.0, 26.0, 38.0, 53.0, 40.0, 61.0, 71.0, 81.0, 129.0, 240.0, 3001.0, 489.0, 201.0, 123.0, 79.0, 55.0, 69.0, 45.0, 30.0, 29.0, 10.0, 26.0, 13.0, 11.0, 5.0, 8.0, 3.0, 6.0, 1.0, 2.0, 2.0, 4.0, 0.0, 3.0, 3.0, 1.0, 1.0, 0.0, 1.0, 0.0, 0.0, 1.0], "bins": [-0.3612585663795471, -0.35012751817703247, -0.33899644017219543, -0.3278653919696808, -0.31673431396484375, -0.3056032657623291, -0.29447218775749207, -0.2833411395549774, -0.2722100615501404, -0.26107901334762573, -0.2499479353427887, -0.23881687223911285, -0.227685809135437, -0.21655474603176117, -0.20542368292808533, -0.19429263472557068, -0.18316157162189484, -0.172030508518219, -0.16089944541454315, -0.1497683823108673, -0.13863731920719147, -0.12750625610351562, -0.11637520045042038, -0.10524413734674454, -0.0941130742430687, -0.08298201113939285, -0.07185094803571701, -0.06071988865733147, -0.049588825553655624, -0.03845776244997978, -0.02732670307159424, -0.016195639967918396, -0.005064576864242554, 0.006066485308110714, 0.01719754748046398, 0.028328608721494675, 0.03945967182517052, 0.05059073492884636, 0.0617217943072319, 0.07285285741090775, 0.08398392051458359, 0.09511498361825943, 0.10624604672193527, 0.11737710237503052, 0.12850816547870636, 0.1396392285823822, 0.15077029168605804, 0.1619013547897339, 0.17303241789340973, 0.18416348099708557, 0.1952945441007614, 0.20642560720443726, 0.2175566703081131, 0.22868773341178894, 0.2398187816143036, 0.2509498596191406, 0.2620809078216553, 0.2732119560241699, 0.28434303402900696, 0.2954740822315216, 0.30660516023635864, 0.3177362084388733, 0.3288672864437103, 0.339998334646225, 0.351129412651062]}, "gradients/fc1.0.bias": {"_type": "histogram", "values": [3.0, 0.0, 1.0, 0.0, 0.0, 0.0, 2.0, 2.0, 2.0, 0.0, 3.0, 4.0, 1.0, 2.0, 4.0, 6.0, 8.0, 10.0, 11.0, 14.0, 11.0, 7.0, 8.0, 12.0, 24.0, 15.0, 20.0, 22.0, 31.0, 70.0, 28.0, 26.0, 24.0, 16.0, 13.0, 15.0, 9.0, 9.0, 13.0, 8.0, 7.0, 10.0, 2.0, 5.0, 8.0, 5.0, 3.0, 2.0, 3.0, 4.0, 2.0, 3.0, 0.0, 1.0, 1.0, 0.0, 0.0, 0.0, 0.0, 0.0, 0.0, 1.0, 0.0, 1.0], "bins": [-0.032945409417152405, -0.031832173466682434, -0.030718939378857613, -0.02960570529103279, -0.02849246934056282, -0.02737923339009285, -0.026265999302268028, -0.025152765214443207, -0.024039529263973236, -0.022926293313503265, -0.021813059225678444, -0.020699825137853622, -0.01958658918738365, -0.01847335323691368, -0.01736011914908886, -0.016246885061264038, -0.015133649110794067, -0.014020414091646671, -0.012907179072499275, -0.011793944053351879, -0.010680709034204483, -0.009567474015057087, -0.00845423899590969, -0.007341003976762295, -0.006227768957614899, -0.005114533938467503, -0.0040012989193201065, -0.0028880639001727104, -0.0017748288810253143, -0.0006615938618779182, 0.00045164115726947784, 0.001564876176416874, 0.00267811119556427, 0.003791346214711666, 0.004904581233859062, 0.006017816253006458, 0.007131051272153854, 0.00824428629130125, 0.009357521310448647, 0.010470756329596043, 0.011583991348743439, 0.012697226367890835, 0.013810461387038231, 0.014923696406185627, 0.016036931425333023, 0.017150167375802994, 0.018263401463627815, 0.019376635551452637, 0.020489871501922607, 0.021603107452392578, 0.0227163415402174, 0.02382957562804222, 0.024942811578512192, 0.026056047528982162, 0.027169281616806984, 0.028282515704631805, 0.029395751655101776, 0.030508987605571747, 0.03162222355604172, 0.03273545578122139, 0.03384869173169136, 0.03496192768216133, 0.036075159907341, 0.037188395857810974, 0.038301631808280945]}, "gradients/fc1.0.weight": {"_type": "histogram", "values": [1.0, 1.0, 0.0, 0.0, 1.0, 0.0, 1.0, 0.0, 0.0, 1.0, 0.0, 5.0, 5.0, 3.0, 7.0, 12.0, 16.0, 33.0, 47.0, 75.0, 127.0, 206.0, 377.0, 682.0, 1313.0, 2595.0, 5268.0, 10705.0, 23275.0, 56248.0, 220443.0, 397992.0, 53075.0, 23215.0, 11114.0, 5595.0, 2920.0, 1550.0, 908.0, 522.0, 318.0, 207.0, 120.0, 62.0, 52.0, 36.0, 17.0, 15.0, 6.0, 6.0, 5.0, 9.0, 1.0, 2.0, 1.0, 1.0, 0.0, 1.0, 0.0, 1.0, 0.0, 0.0, 1.0, 1.0], "bins": [-0.22084128856658936, -0.2137220799922943, -0.20660285651683807, -0.19948364794254303, -0.1923644244670868, -0.18524521589279175, -0.1781260073184967, -0.17100679874420166, -0.16388757526874542, -0.15676836669445038, -0.14964914321899414, -0.1425299346446991, -0.13541072607040405, -0.12829150259494781, -0.12117229402065277, -0.11405307799577713, -0.10693386197090149, -0.09981464594602585, -0.09269542992115021, -0.08557622134685516, -0.07845700532197952, -0.07133778929710388, -0.06421858072280884, -0.0570993646979332, -0.049980148673057556, -0.042860932648181915, -0.03574172034859657, -0.02862250618636608, -0.02150329202413559, -0.014384075999259949, -0.007264863699674606, -0.00014565140008926392, 0.006973549723625183, 0.014092763885855675, 0.021211978048086166, 0.028331192210316658, 0.03545040637254715, 0.04256962239742279, 0.04968883469700813, 0.056808046996593475, 0.06392726302146912, 0.07104647904634476, 0.0781656950712204, 0.08528490364551544, 0.09240411967039108, 0.09952333569526672, 0.10664254426956177, 0.11376176029443741, 0.12088097631931305, 0.1280001848936081, 0.13511940836906433, 0.14223861694335938, 0.14935782551765442, 0.15647704899311066, 0.1635962575674057, 0.17071548104286194, 0.17783468961715698, 0.18495389819145203, 0.19207312166690826, 0.1991923302412033, 0.20631155371665955, 0.2134307622909546, 0.22054997086524963, 0.22766917943954468, 0.23478840291500092]}, "gradients/conv2.0.weight": {"_type": "histogram", "values": [2.0, 0.0, 1.0, 2.0, 1.0, 2.0, 2.0, 1.0, 6.0, 11.0, 6.0, 7.0, 11.0, 31.0, 32.0, 39.0, 77.0, 98.0, 119.0, 188.0, 283.0, 416.0, 694.0, 992.0, 1461.0, 2216.0, 3151.0, 4389.0, 6042.0, 7171.0, 6862.0, 5146.0, 3508.0, 2415.0, 1638.0, 1140.0, 813.0, 537.0, 427.0, 294.0, 219.0, 188.0, 147.0, 105.0, 60.0, 53.0, 50.0, 29.0, 20.0, 25.0, 16.0, 8.0, 12.0, 7.0, 8.0, 6.0, 1.0, 6.0, 2.0, 2.0, 3.0, 0.0, 0.0, 2.0],