{"gradients/fc.bias": {"_type": "histogram", "values": [1.0, 0.0, 0.0, 0.0, 0.0, 0.0, 1.0, 0.0, 0.0, 0.0, 0.0, 0.0, 0.0, 0.0, 0.0, 0.0, 0.0, 0.0, 0.0, 0.0, 0.0, 0.0, 0.0, 1.0, 0.0, 1.0, 0.0, 0.0, 1.0, 1.0, 0.0, 0.0, 0.0, 2.0, 0.0, 1.0, 0.0, 0.0, 0.0, 0.0, 0.0, 0.0, 0.0, 0.0, 0.0, 0.0, 0.0, 0.0, 0.0, 0.0, 0.0, 0.0, 0.0, 0.0, 0.0, 0.0, 0.0, 0.0, 0.0, 0.0, 0.0, 0.0, 0.0, 1.0], "bins": [-0.10876782983541489, -0.10488609969615936, -0.10100436210632324, -0.09712263196706772, -0.0932409018278122, -0.08935917168855667, -0.08547744154930115, -0.08159570395946503, -0.0777139738202095, -0.07383224368095398, -0.06995050609111786, -0.06606877595186234, -0.06218704581260681, -0.05830531567335129, -0.054423581808805466, -0.050541847944259644, -0.04666011780500412, -0.042778387665748596, -0.038896653801202774, -0.03501491993665695, -0.031133189797401428, -0.027251457795500755, -0.023369725793600082, -0.01948799379169941, -0.015606261789798737, -0.011724529787898064, -0.00784279778599739, -0.003961065784096718, -7.933378219604492e-05, 0.003802398219704628, 0.007684130221605301, 0.011565862223505974, 0.015447601675987244, 0.019329333677887917, 0.02321106567978859, 0.027092797681689262, 0.030974529683589935, 0.03485625982284546, 0.03873799368739128, 0.0426197275519371, 0.04650145769119263, 0.05038318783044815, 0.05426492169499397, 0.058146655559539795, 0.06202838569879532, 0.06591011583805084, 0.06979185342788696, 0.07367358356714249, 0.07755531370639801, 0.08143704384565353, 0.08531877398490906, 0.08920051157474518, 0.0930822417140007, 0.09696397185325623, 0.10084570944309235, 0.10472743958234787, 0.1086091697216034, 0.11249089986085892, 0.11637263000011444, 0.12025436758995056, 0.12413609772920609, 0.1280178278684616, 0.13189956545829773, 0.13578128814697266, 0.13966302573680878]}, "_timestamp": 1683182223.608595, "gradients/fc.weight": {"_type": "histogram", "values": [1.0, 4.0, 2.0, 2.0, 1.0, 3.0, 1.0, 3.0, 0.0, 4.0, 3.0, 4.0, 2.0, 7.0, 7.0, 2.0, 2.0, 13.0, 9.0, 18.0, 14.0, 21.0, 20.0, 20.0, 28.0, 33.0, 41.0, 52.0, 85.0, 115.0, 231.0, 2949.0, 776.0, 250.0, 132.0, 55.0, 35.0, 24.0, 18.0, 13.0, 14.0, 13.0, 15.0, 6.0, 8.0, 9.0, 4.0, 5.0, 6.0, 6.0, 4.0, 2.0, 4.0, 4.0, 1.0, 2.0, 2.0, 3.0, 1.0, 4.0, 2.0, 0.0, 2.0, 3.0], "bins": [-0.366870641708374, -0.35530489683151245, -0.3437391221523285, -0.3321733772754669, -0.32060763239860535, -0.3090418875217438, -0.2974761128425598, -0.28591036796569824, -0.27434462308883667, -0.2627788782119751, -0.25121310353279114, -0.23964735865592957, -0.228081613779068, -0.21651585400104523, -0.20495009422302246, -0.1933843493461609, -0.18181858956813812, -0.17025282979011536, -0.15868708491325378, -0.14712132513523102, -0.13555558025836945, -0.12398982048034668, -0.11242406815290451, -0.10085831582546234, -0.08929256349802017, -0.077726811170578, -0.06616105884313583, -0.054595302790403366, -0.0430295504629612, -0.03146379813551903, -0.01989804208278656, -0.008332289755344391, 0.0032334625720977783, 0.014799215830862522, 0.026364969089627266, 0.037930723279714584, 0.049496475607156754, 0.06106222793459892, 0.07262798398733139, 0.08419373631477356, 0.09575948864221573, 0.1073252409696579, 0.11889099329710007, 0.13045674562454224, 0.142022505402565, 0.15358825027942657, 0.16515401005744934, 0.1767197549343109, 0.18828551471233368, 0.19985127449035645, 0.21141701936721802, 0.22298277914524078, 0.23454852402210236, 0.24611428380012512, 0.2576800286769867, 0.26924580335617065, 0.2808115482330322, 0.2923772931098938, 0.30394306778907776, 0.31550881266593933, 0.3270745575428009, 0.3386403024196625, 0.35020607709884644, 0.361771821975708, 0.3733375668525696]}, "gradients/fc1.0.bias": {"_type": "histogram", "values": [1.0, 0.0, 0.0, 0.0, 0.0, 0.0, 0.0, 0.0, 0.0, 0.0, 1.0, 1.0, 1.0, 3.0, 0.0, 0.0, 6.0, 3.0, 7.0, 10.0, 4.0, 6.0, 4.0, 12.0, 12.0, 14.0, 14.0, 10.0, 17.0, 22.0, 24.0, 33.0, 75.0, 43.0, 29.0, 21.0, 18.0, 14.0, 12.0, 10.0, 15.0, 8.0, 12.0, 6.0, 8.0, 5.0, 4.0, 4.0, 1.0, 2.0, 4.0, 3.0, 3.0, 2.0, 2.0, 3.0, 0.0, 0.0, 0.0, 0.0, 1.0, 0.0, 1.0, 1.0], "bins": [-0.044022087007761, -0.04268581047654152, -0.04134953022003174, -0.040013253688812256, -0.03867697715759277, -0.03734070062637329, -0.03600442409515381, -0.03466814383864403, -0.033331867307424545, -0.03199559077620506, -0.03065931238234043, -0.0293230339884758, -0.027986757457256317, -0.026650480926036835, -0.025314202532172203, -0.02397792413830757, -0.02264164760708809, -0.021305371075868607, -0.019969092682003975, -0.018632814288139343, -0.01729653775691986, -0.01596026122570038, -0.014623982831835747, -0.01328770536929369, -0.011951427906751633, -0.010615150444209576, -0.009278872981667519, -0.007942595519125462, -0.0066063180565834045, -0.0052700405940413475, -0.0039337631314992905, -0.0025974856689572334, -0.0012612119317054749, 7.506553083658218e-05, 0.0014113429933786392, 0.0027476204559206963, 0.004083897918462753, 0.00542017538100481, 0.006756452843546867, 0.008092730306088924, 0.009429007768630981, 0.010765285231173038, 0.012101562693715096, 0.013437840156257153, 0.01477411761879921, 0.016110394150018692, 0.017446672543883324, 0.018782950937747955, 0.020119227468967438, 0.02145550400018692, 0.022791782394051552, 0.024128060787916183, 0.025464337319135666, 0.02680061385035515, 0.02813689224421978, 0.02947317063808441, 0.030809447169303894, 0.032145723700523376, 0.03348200023174286, 0.03481828048825264, 0.03615455701947212, 0.037490833550691605, 0.038827113807201385, 0.04016339033842087, 0.04149966686964035]}, "gradients/fc1.0.weight": {"_type": "histogram", "values": [1.0, 1.0, 0.0, 0.0, 2.0, 1.0, 2.0, 4.0, 6.0, 4.0, 2.0, 2.0, 11.0, 14.0, 25.0, 21.0, 31.0, 38.0, 51.0, 100.0, 113.0, 177.0, 268.0, 375.0, 508.0, 845.0, 1292.0, 2071.0, 3439.0, 5757.0, 9645.0, 17510.0, 35744.0, 103159.0, 503142.0, 63967.0, 29542.0, 15934.0, 9377.0, 5523.0, 3610.0, 2338.0, 1563.0, 986.0, 641.0, 400.0, 299.0, 215.0, 135.0, 104.0, 55.0, 53.0, 26.0, 17.0, 22.0, 12.0, 11.0, 3.0, 2.0, 2.0, 1.0, 0.0, 0.0, 1.0], "bins": [-0.2230975329875946, -0.21660365164279938, -0.21010975539684296, -0.20361587405204773, -0.1971219927072525, -0.19062811136245728, -0.18413421511650085, -0.17764033377170563, -0.1711464524269104, -0.16465257108211517, -0.15815867483615875, -0.15166479349136353, -0.1451709121465683, -0.13867703080177307, -0.13218313455581665, -0.12568925321102142, -0.119195356965065, -0.11270146816968918, -0.10620758682489395, -0.09971369802951813, -0.0932198166847229, -0.08672592788934708, -0.08023203909397125, -0.07373815774917603, -0.0672442689538002, -0.060750383883714676, -0.05425649881362915, -0.047762610018253326, -0.0412687249481678, -0.034774839878082275, -0.02828095108270645, -0.021787066012620926, -0.0152931809425354, -0.0087992949411273, -0.0023054089397192, 0.004188477993011475, 0.010682363063097, 0.017176248133182526, 0.02367013692855835, 0.030164021998643875, 0.0366579070687294, 0.043151792138814926, 0.04964567720890045, 0.056139566004276276, 0.0626334547996521, 0.06912733614444733, 0.07562122493982315, 0.08211511373519897, 0.0886089950799942, 0.09510288387537003, 0.10159676522016525, 0.10809065401554108, 0.1145845353603363, 0.12107842415571213, 0.12757231295108795, 0.13406619429588318, 0.1405600905418396, 0.14705397188663483, 0.15354786813259125, 0.16004174947738647, 0.1665356308221817, 0.17302951216697693, 0.17952340841293335, 0.18601728975772858, 0.1925111711025238]}, "gradients/conv2.0.weight": {"_type": "histogram", "values": [1.0, 0.0, 2.0, 0.0, 0.0, 2.0, 3.0, 5.0, 0.0, 3.0, 2.0, 3.0, 9.0, 3.0, 5.0, 21.0, 19.0, 54.0, 65.0, 73.0, 115.0, 156.0, 236.0, 340.0, 551.0, 912.0, 1407.0, 2289.0, 3454.0, 5289.0, 7866.0, 9182.0, 6324.0, 4073.0, 2839.0, 1955.0, 1295.0, 866.0, 546.0, 361.0, 234.0, 167.0, 137.0, 84.0, 58.0, 37.0, 35.0, 32.0, 17.0, 22.0, 11.0, 9.0, 11.0, 3.0, 4.0, 4.0, 0.0, 4.0, 0.0, 1.0, 0.0, 0.0, 3.0, 1.0],