{"gradients/fc.bias": {"_type": "histogram", "values": [1.0, 0.0, 0.0, 0.0, 0.0, 0.0, 0.0, 0.0, 0.0, 0.0, 0.0, 0.0, 0.0, 0.0, 0.0, 0.0, 0.0, 0.0, 0.0, 0.0, 0.0, 0.0, 0.0, 0.0, 0.0, 0.0, 0.0, 0.0, 0.0, 0.0, 0.0, 0.0, 0.0, 0.0, 0.0, 0.0, 0.0, 0.0, 0.0, 0.0, 0.0, 0.0, 0.0, 0.0, 0.0, 0.0, 0.0, 0.0, 2.0, 2.0, 0.0, 2.0, 0.0, 1.0, 0.0, 0.0, 0.0, 0.0, 0.0, 0.0, 0.0, 0.0, 1.0, 1.0], "bins": [-0.008252521976828575, -0.008080205880105495, -0.007907888852059841, -0.0077355727553367615, -0.007563256658613682, -0.007390940096229315, -0.007218623533844948, -0.007046307437121868, -0.0068739913403987885, -0.0067016747780144215, -0.006529358681291342, -0.006357042118906975, -0.006184726022183895, -0.006012409459799528, -0.005840092897415161, -0.0056677768006920815, -0.0054954602383077145, -0.0053231436759233475, -0.005150827579200268, -0.004978511016815901, -0.004806194920092821, -0.004633878357708454, -0.0044615622609853745, -0.0042892456986010075, -0.0041169291362166405, -0.0039446125738322735, -0.003772296477109194, -0.003599979914724827, -0.003427663818001747, -0.00325534725561738, -0.003083030926063657, -0.0029107145965099335, -0.002738398965448141, -0.0025660826358944178, -0.0023937663063406944, -0.0022214497439563274, -0.0020491336472332478, -0.0018768172012642026, -0.0017045007552951574, -0.001532184425741434, -0.0013598680961877108, -0.0011875517666339874, -0.001015235437080264, -0.0008429189911112189, -0.0006706026615574956, -0.0004982863320037723, -0.0003259698860347271, -0.00015365355648100376, 1.8662773072719574e-05, 0.00019097913173027337, 0.00036329549038782716, 0.0005356118781492114, 0.0007079282077029347, 0.0008802445372566581, 0.0010525609832257032, 0.0012248773127794266, 0.00139719364233315, 0.0015695099718868732, 0.0017418263014405966, 0.0019141427474096417, 0.002086459193378687, 0.0022587752901017666, 0.0024310918524861336, 0.002603408182039857, 0.0027757245115935802]}, "_timestamp": 1683176157.9447367, "gradients/fc.weight": {"_type": "histogram", "values": [1.0, 0.0, 0.0, 0.0, 1.0, 0.0, 0.0, 0.0, 0.0, 0.0, 1.0, 0.0, 2.0, 3.0, 1.0, 0.0, 4.0, 3.0, 1.0, 2.0, 3.0, 4.0, 4.0, 2.0, 5.0, 3.0, 6.0, 10.0, 8.0, 7.0, 6.0, 12.0, 11.0, 17.0, 14.0, 17.0, 14.0, 14.0, 13.0, 17.0, 21.0, 26.0, 33.0, 66.0, 206.0, 3633.0, 337.0, 201.0, 106.0, 78.0, 50.0, 42.0, 35.0, 21.0, 11.0, 13.0, 4.0, 9.0, 4.0, 9.0, 3.0, 2.0, 2.0, 2.0], "bins": [-0.03017115779221058, -0.029504459351301193, -0.028837760910391808, -0.028171062469482422, -0.027504362165927887, -0.0268376637250185, -0.026170965284109116, -0.02550426684319973, -0.024837568402290344, -0.02417086996138096, -0.023504171520471573, -0.022837471216917038, -0.022170772776007652, -0.021504074335098267, -0.02083737589418888, -0.020170677453279495, -0.01950397714972496, -0.018837278708815575, -0.01817058026790619, -0.017503879964351654, -0.01683718152344227, -0.016170483082532883, -0.015503784641623497, -0.014837086200714111, -0.014170386828482151, -0.013503688387572765, -0.012836989015340805, -0.01217029057443142, -0.011503592133522034, -0.010836892761290073, -0.010170194320380688, -0.009503494948148727, -0.008836795575916767, -0.008170097135007381, -0.007503397762775421, -0.0068366993218660355, -0.0061700004152953625, -0.0055033015087246895, -0.004836603067815304, -0.004169904161244631, -0.003503205254673958, -0.002836506348103285, -0.0021698076743632555, -0.0015031090006232262, -0.0008364100940525532, -0.0001697111874818802, 0.0004969872534275055, 0.0011636861599981785, 0.0018303850665688515, 0.0024970839731395245, 0.003163782646879554, 0.003830481320619583, 0.004497180227190256, 0.005163879133760929, 0.005830577574670315, 0.006497276481240988, 0.007163975387811661, 0.007830673828721046, 0.008497373200953007, 0.009164071641862392, 0.009830771014094353, 0.010497469455003738, 0.011164167895913124, 0.01183086633682251, 0.01249756570905447]}, "gradients/fc1.0.bias": {"_type": "histogram", "values": [1.0, 0.0, 0.0, 1.0, 1.0, 1.0, 3.0, 0.0, 2.0, 0.0, 1.0, 2.0, 1.0, 6.0, 4.0, 3.0, 3.0, 1.0, 9.0, 4.0, 10.0, 8.0, 13.0, 12.0, 10.0, 15.0, 9.0, 22.0, 24.0, 142.0, 44.0, 16.0, 23.0, 11.0, 11.0, 12.0, 12.0, 10.0, 10.0, 10.0, 9.0, 2.0, 6.0, 2.0, 3.0, 5.0, 2.0, 3.0, 4.0, 1.0, 1.0, 2.0, 1.0, 0.0, 1.0, 1.0, 0.0, 0.0, 1.0, 0.0, 0.0, 0.0, 0.0, 1.0], "bins": [-0.0023964836727827787, -0.0023161964491009712, -0.0022359094582498074, -0.002155622234568, -0.002075335243716836, -0.0019950480200350285, -0.0019147609127685428, -0.001834473805502057, -0.0017541866982355714, -0.0016738995909690857, -0.0015936124837026, -0.0015133253764361143, -0.0014330381527543068, -0.001352751161903143, -0.0012724639382213354, -0.0011921768309548497, -0.001111889723688364, -0.0010316026164218783, -0.0009513155091553926, -0.000871028343681246, -0.0007907412364147604, -0.0007104541291482747, -0.0006301669636741281, -0.0005498798564076424, -0.0004695927491411567, -0.000389305641874671, -0.00030901850550435483, -0.00022873138368595392, -0.000148444261867553, -6.81571546010673e-05, 1.2129981769248843e-05, 9.241711813956499e-05, 0.00017270445823669434, 0.00025299156550318, 0.0003332787018734962, 0.0004135658382438123, 0.000493852945510298, 0.0005741400527767837, 0.0006544272182509303, 0.000734714325517416, 0.0008150014327839017, 0.0008952885400503874, 0.0009755756473168731, 0.0010558627545833588, 0.0011361499782651663, 0.0012164369691163301, 0.0012967241927981377, 0.0013770113000646234, 0.001457298407331109, 0.0015375855145975947, 0.0016178726218640804, 0.0016981597291305661, 0.0017784468363970518, 0.0018587340600788593, 0.001939021167345345, 0.0020193082746118307, 0.0020995954982936382, 0.0021798827219754457, 0.0022601697128266096, 0.002340456936508417, 0.002420743927359581, 0.0025010311510413885, 0.0025813181418925524, 0.00266160536557436, 0.0027418923564255238]}, "gradients/fc1.0.weight": {"_type": "histogram", "values": [5.0, 3.0, 2.0, 2.0, 4.0, 4.0, 2.0, 8.0, 8.0, 9.0, 26.0, 28.0, 42.0, 57.0, 86.0, 105.0, 166.0, 222.0, 326.0, 429.0, 585.0, 824.0, 1157.0, 1693.0, 2465.0, 3378.0, 5230.0, 8190.0, 13202.0, 23421.0, 62739.0, 602139.0, 38706.0, 18681.0, 11389.0, 7592.0, 4966.0, 3442.0, 2372.0, 1687.0, 1119.0, 770.0, 575.0, 376.0, 297.0, 199.0, 147.0, 101.0, 64.0, 45.0, 33.0, 26.0, 12.0, 8.0, 8.0, 5.0, 7.0, 4.0, 4.0, 1.0, 3.0, 1.0, 1.0, 2.0], "bins": [-0.013837113976478577, -0.013395270332694054, -0.012953425757586956, -0.012511582113802433, -0.012069737538695335, -0.011627893894910812, -0.01118605025112629, -0.010744206607341766, -0.010302362032234669, -0.009860518388450146, -0.009418673813343048, -0.008976830169558525, -0.008534986525774002, -0.008093141950666904, -0.0076512983068823814, -0.007209454197436571, -0.006767610087990761, -0.0063257659785449505, -0.00588392186909914, -0.005442078225314617, -0.005000234115868807, -0.0045583900064229965, -0.0041165463626384735, -0.003674702253192663, -0.003232858143746853, -0.0027910140343010426, -0.002349170157685876, -0.0019073261646553874, -0.001465482171624899, -0.0010236380621790886, -0.0005817941855639219, -0.00013995030894875526, 0.00030189473181962967, 0.0007437387248501182, 0.0011855827178806067, 0.0016274267109110951, 0.0020692707039415836, 0.002511114813387394, 0.0029529586900025606, 0.0033948025666177273, 0.0038366466760635376, 0.004278490785509348, 0.004720334894955158, 0.005162178538739681, 0.0056040226481854916, 0.006045866757631302, 0.006487710401415825, 0.006929554510861635, 0.0073713986203074455, 0.007813242264091969, 0.008255086839199066, 0.00869693048298359, 0.009138774126768112, 0.00958061870187521, 0.010022462345659733, 0.01046430692076683, 0.010906150564551353, 0.011347994208335876, 0.011789838783442974, 0.012231682427227497, 0.012673527002334595, 0.013115370646119118, 0.01355721428990364, 0.013999057933688164, 0.014440902508795261]}, "gradients/conv2.0.weight": {"_type": "histogram",