{"gradients/fc.bias": {"_type": "histogram", "values": [1.0, 0.0, 0.0, 0.0, 0.0, 0.0, 0.0, 0.0, 0.0, 0.0, 0.0, 0.0, 0.0, 0.0, 0.0, 0.0, 1.0, 0.0, 0.0, 0.0, 0.0, 0.0, 0.0, 0.0, 0.0, 0.0, 0.0, 0.0, 0.0, 0.0, 0.0, 0.0, 0.0, 1.0, 0.0, 0.0, 0.0, 0.0, 1.0, 1.0, 1.0, 0.0, 0.0, 1.0, 0.0, 0.0, 0.0, 0.0, 0.0, 0.0, 0.0, 1.0, 0.0, 0.0, 0.0, 0.0, 0.0, 0.0, 1.0, 0.0, 0.0, 0.0, 0.0, 1.0], "bins": [-0.13696369528770447, -0.13342049717903137, -0.12987729907035828, -0.12633410096168518, -0.12279089540243149, -0.11924769729375839, -0.1157044991850853, -0.1121612936258316, -0.10861809551715851, -0.10507489740848541, -0.10153169929981232, -0.09798849374055862, -0.09444529563188553, -0.09090209752321243, -0.08735889941453934, -0.08381569385528564, -0.08027249574661255, -0.07672929763793945, -0.07318609952926636, -0.06964289397001266, -0.06609969586133957, -0.06255649775266647, -0.05901329964399338, -0.055470097810029984, -0.051926903426647186, -0.04838370531797409, -0.044840503484010696, -0.0412973053753376, -0.03775410354137421, -0.03421090543270111, -0.030667705461382866, -0.02712450549006462, -0.023581303656101227, -0.020038103684782982, -0.016494903713464737, -0.012951704673469067, -0.009408504702150822, -0.005865305662155151, -0.0023221056908369064, 0.0012210942804813385, 0.0047642942517995834, 0.008307494223117828, 0.011850694194436073, 0.015393893234431744, 0.018937092274427414, 0.02248029224574566, 0.026023492217063904, 0.02956669218838215, 0.033109892159700394, 0.03665309026837349, 0.040196292102336884, 0.04373949021100998, 0.04728269204497337, 0.05082589015364647, 0.05436909198760986, 0.05791229009628296, 0.061455488204956055, 0.06499868631362915, 0.06854188442230225, 0.07208508998155594, 0.07562828809022903, 0.07917148619890213, 0.08271468430757523, 0.08625788986682892, 0.08980108797550201]}, "_timestamp": 1683181108.9457564, "gradients/fc.weight": {"_type": "histogram", "values": [1.0, 0.0, 0.0, 1.0, 2.0, 0.0, 5.0, 1.0, 3.0, 3.0, 1.0, 3.0, 3.0, 6.0, 6.0, 12.0, 8.0, 10.0, 12.0, 17.0, 26.0, 22.0, 22.0, 29.0, 29.0, 39.0, 46.0, 57.0, 79.0, 94.0, 154.0, 1249.0, 2279.0, 303.0, 178.0, 111.0, 61.0, 52.0, 46.0, 28.0, 24.0, 16.0, 14.0, 8.0, 13.0, 8.0, 5.0, 7.0, 6.0, 4.0, 2.0, 2.0, 1.0, 2.0, 2.0, 1.0, 2.0, 0.0, 2.0, 1.0, 1.0, 0.0, 0.0, 1.0], "bins": [-0.35474643111228943, -0.34366026520729065, -0.3325740694999695, -0.3214879035949707, -0.3104017376899719, -0.29931557178497314, -0.28822940587997437, -0.2771432101726532, -0.2660570442676544, -0.25497087836265564, -0.24388469755649567, -0.2327985167503357, -0.22171235084533691, -0.21062618494033813, -0.19954000413417816, -0.1884538233280182, -0.1773676574230194, -0.16628149151802063, -0.15519531071186066, -0.14410912990570068, -0.1330229640007019, -0.12193679064512253, -0.11085061728954315, -0.09976444393396378, -0.0886782705783844, -0.07759209722280502, -0.06650592386722565, -0.05541975051164627, -0.044333577156066895, -0.03324740380048752, -0.022161230444908142, -0.011075057089328766, 1.1086463928222656e-05, 0.011097259819507599, 0.022183433175086975, 0.03326960653066635, 0.04435577988624573, 0.055441953241825104, 0.06652812659740448, 0.07761429995298386, 0.08870047330856323, 0.09978664666414261, 0.11087282001972198, 0.12195899337530136, 0.13304516673088074, 0.14413133263587952, 0.1552175134420395, 0.16630369424819946, 0.17738986015319824, 0.18847602605819702, 0.199562206864357, 0.21064838767051697, 0.22173455357551575, 0.23282071948051453, 0.2439069002866745, 0.2549930810928345, 0.26607924699783325, 0.27716541290283203, 0.2882515788078308, 0.299337774515152, 0.31042394042015076, 0.32151010632514954, 0.3325963020324707, 0.3436824679374695, 0.35476863384246826]}, "gradients/fc1.0.bias": {"_type": "histogram", "values": [1.0, 1.0, 0.0, 0.0, 1.0, 1.0, 2.0, 2.0, 2.0, 2.0, 2.0, 1.0, 5.0, 2.0, 3.0, 5.0, 5.0, 6.0, 19.0, 13.0, 7.0, 13.0, 10.0, 13.0, 13.0, 21.0, 19.0, 27.0, 31.0, 75.0, 30.0, 23.0, 16.0, 23.0, 17.0, 10.0, 16.0, 10.0, 7.0, 9.0, 7.0, 9.0, 6.0, 3.0, 7.0, 4.0, 1.0, 1.0, 3.0, 1.0, 0.0, 2.0, 3.0, 0.0, 0.0, 1.0, 0.0, 0.0, 0.0, 0.0, 0.0, 0.0, 0.0, 1.0], "bins": [-0.03335428237915039, -0.0322219654917717, -0.031089652329683304, -0.02995733730494976, -0.028825022280216217, -0.027692707255482674, -0.02656039223074913, -0.025428075343370438, -0.024295762181282043, -0.0231634471565485, -0.022031132131814957, -0.020898817107081413, -0.01976650208234787, -0.018634187057614326, -0.017501872032880783, -0.01636955514550209, -0.015237240120768547, -0.014104925096035004, -0.01297261007130146, -0.011840295046567917, -0.010707980021834373, -0.00957566499710083, -0.008443349041044712, -0.007311034016311169, -0.006178718991577625, -0.005046403966844082, -0.0039140889421105385, -0.0027817734517157078, -0.0016494584269821644, -0.000517143402248621, 0.0006151720881462097, 0.0017474871128797531, 0.0028798021376132965, 0.00401211716234684, 0.005144432187080383, 0.006276747677475214, 0.007409062702208757, 0.008541377261281013, 0.009673693217337132, 0.010806008242070675, 0.011938323266804218, 0.013070638291537762, 0.014202953316271305, 0.015335269272327423, 0.016467584297060966, 0.01759989932179451, 0.018732214346528053, 0.019864529371261597, 0.02099684439599514, 0.022129159420728683, 0.023261474445462227, 0.02439378947019577, 0.025526104494929314, 0.026658419519662857, 0.02779073640704155, 0.028923049569129944, 0.030055366456508636, 0.03118768148124218, 0.03231999650597572, 0.033452313393354416, 0.03458462655544281, 0.0357169434428215, 0.0368492566049099, 0.03798157349228859, 0.039113886654376984]}, "gradients/fc1.0.weight": {"_type": "histogram", "values": [1.0, 1.0, 0.0, 0.0, 0.0, 1.0, 1.0, 0.0, 0.0, 1.0, 3.0, 1.0, 5.0, 6.0, 5.0, 11.0, 16.0, 17.0, 34.0, 47.0, 77.0, 127.0, 209.0, 361.0, 598.0, 1056.0, 1874.0, 3412.0, 6175.0, 11774.0, 22839.0, 50309.0, 167765.0, 443957.0, 55952.0, 24821.0, 12574.0, 6661.0, 3485.0, 2004.0, 1135.0, 702.0, 428.0, 279.0, 164.0, 106.0, 65.0, 63.0, 14.0, 19.0, 17.0, 8.0, 6.0, 2.0, 2.0, 1.0, 3.0, 0.0, 2.0, 0.0, 1.0, 1.0, 1.0, 1.0], "bins": [-0.2062368392944336, -0.2000095099210739, -0.19378219544887543, -0.18755486607551575, -0.18132753670215607, -0.1751002073287964, -0.1688728928565979, -0.16264556348323822, -0.15641823410987854, -0.15019090473651886, -0.14396359026432037, -0.1377362608909607, -0.131508931517601, -0.12528160214424133, -0.11905428767204285, -0.11282695829868317, -0.10659963637590408, -0.100372314453125, -0.09414498507976532, -0.08791766315698624, -0.08169033378362656, -0.07546301186084747, -0.06923568248748779, -0.06300836056470871, -0.05678103491663933, -0.050553709268569946, -0.044326383620500565, -0.03809905797243118, -0.0318717360496521, -0.02564440853893757, -0.019417084753513336, -0.013189759105443954, -0.006962433457374573, -0.0007351082749664783, 0.005492216907441616, 0.011719541624188423, 0.017946867272257805, 0.024174192920327187, 0.03040151670575142, 0.0366288423538208, 0.04285616800189018, 0.049083493649959564, 0.055310819298028946, 0.06153814494609833, 0.06776546686887741, 0.07399279624223709, 0.08022011816501617, 0.08644744753837585, 0.09267476946115494, 0.09890209138393402, 0.1051294207572937, 0.11135674268007278, 0.11758407205343246, 0.12381139397621155, 0.13003872334957123, 0.1362660527229309, 0.1424933671951294, 0.14872069656848907, 0.15494801104068756, 0.16117534041404724, 0.16740266978740692, 0.1736299991607666, 0.1798573136329651, 0.18608464300632477, 0.19231197237968445]}, "gradients/conv2.0.weight": {"_type": "histogram", "values": [1.0, 0.0, 0.0, 0.0, 0.0, 0.0, 1.0, 0.0, 1.0, 3.0, 1.0, 5.0, 3.0, 4.0, 3.0, 8.0, 8.0, 24.0, 26.0, 32.0, 48.0, 55.0, 87.0, 103.0, 156.0, 251.0, 347.0, 549.0, 736.0, 1088.0, 1591.0, 2324.0, 3232.0, 4543.0, 6114.0, 7298.0, 6550.0, 4936.0, 3134.0, 2194.0, 1613.0, 1137.0, 779.0, 570.0, 442.0, 284.0, 246.0, 167.0, 124.0, 81.0, 76.0, 59.0, 45.0, 28.0, 26.0, 20.0, 10.0, 14.0, 6.0, 6.0, 6.0, 2.0, 1.0, 2.0],