{"gradients/fc.bias": {"_type": "histogram", "values": [1.0, 0.0, 0.0, 0.0, 0.0, 0.0, 0.0, 0.0, 0.0, 0.0, 0.0, 0.0, 0.0, 0.0, 0.0, 0.0, 0.0, 0.0, 0.0, 0.0, 1.0, 0.0, 0.0, 0.0, 0.0, 0.0, 0.0, 0.0, 0.0, 0.0, 0.0, 1.0, 0.0, 0.0, 0.0, 0.0, 0.0, 0.0, 0.0, 1.0, 1.0, 0.0, 1.0, 0.0, 0.0, 1.0, 0.0, 0.0, 0.0, 0.0, 0.0, 0.0, 0.0, 1.0, 0.0, 0.0, 0.0, 0.0, 1.0, 0.0, 0.0, 0.0, 0.0, 1.0], "bins": [-0.13487349450588226, -0.13147521018981934, -0.1280769407749176, -0.12467865645885468, -0.12128037959337234, -0.11788210272789001, -0.11448381841182709, -0.11108554154634476, -0.10768726468086243, -0.1042889878153801, -0.10089070349931717, -0.09749242663383484, -0.09409414976835251, -0.09069587290287018, -0.08729758858680725, -0.08389931172132492, -0.08050103485584259, -0.07710275799036026, -0.07370447367429733, -0.070306196808815, -0.06690791994333267, -0.06350964307785034, -0.060111358761787415, -0.056713081896305084, -0.05331479758024216, -0.04991651698946953, -0.0465182401239872, -0.04311995953321457, -0.03972168266773224, -0.03632340207695961, -0.03292512148618698, -0.02952684462070465, -0.02612856775522232, -0.02273028902709484, -0.01933201029896736, -0.015933729708194733, -0.012535451911389828, -0.009137172251939774, -0.005738893523812294, -0.0023406147956848145, 0.001057663932442665, 0.004455942660570145, 0.007854221388697624, 0.011252501048147678, 0.014650779776275158, 0.018049059435725212, 0.02144733816385269, 0.02484561689198017, 0.02824389562010765, 0.03164217621088028, 0.03504045307636261, 0.03843873366713524, 0.04183701053261757, 0.0452352911233902, 0.04863356798887253, 0.05203184857964516, 0.055430129170417786, 0.058828409761190414, 0.062226686626672745, 0.06562496721744537, 0.0690232440829277, 0.07242152094841003, 0.07581980526447296, 0.07921808212995529, 0.08261635899543762]}, "_timestamp": 1683182213.3462198, "gradients/fc.weight": {"_type": "histogram", "values": [1.0, 0.0, 0.0, 0.0, 0.0, 4.0, 2.0, 2.0, 3.0, 2.0, 4.0, 4.0, 6.0, 1.0, 6.0, 17.0, 12.0, 11.0, 16.0, 21.0, 25.0, 37.0, 26.0, 29.0, 42.0, 62.0, 65.0, 75.0, 78.0, 179.0, 2408.0, 1129.0, 273.0, 163.0, 99.0, 86.0, 57.0, 30.0, 32.0, 17.0, 25.0, 13.0, 5.0, 10.0, 4.0, 12.0, 4.0, 3.0, 1.0, 4.0, 2.0, 1.0, 3.0, 0.0, 4.0, 0.0, 3.0, 0.0, 0.0, 1.0, 0.0, 0.0, 0.0, 1.0], "bins": [-0.34094730019569397, -0.32989779114723206, -0.31884828209877014, -0.3077987730503082, -0.2967492640018463, -0.2856997847557068, -0.2746502757072449, -0.26360076665878296, -0.25255125761032104, -0.24150174856185913, -0.23045223951339722, -0.2194027304649353, -0.20835323631763458, -0.19730372726917267, -0.18625421822071075, -0.17520472407341003, -0.16415520012378693, -0.153105691075325, -0.1420561820268631, -0.13100668787956238, -0.11995717883110046, -0.10890766978263855, -0.09785816073417664, -0.08680865913629532, -0.0757591500878334, -0.06470964103937149, -0.05366013944149017, -0.04261063039302826, -0.031561125069856644, -0.020511619746685028, -0.009462110698223114, 0.0015873908996582031, 0.012636899948120117, 0.023686405271291733, 0.03473591059446335, 0.04578541964292526, 0.05683492496609688, 0.0678844302892685, 0.07893393933773041, 0.08998344093561172, 0.10103294998407364, 0.11208245903253555, 0.12313196063041687, 0.13418146967887878, 0.1452309787273407, 0.1562804877758026, 0.16732999682426453, 0.17837949097156525, 0.18942900002002716, 0.20047850906848907, 0.211528018116951, 0.2225775122642517, 0.23362702131271362, 0.24467653036117554, 0.25572603940963745, 0.26677554845809937, 0.2778250575065613, 0.2888745665550232, 0.2999240756034851, 0.310973584651947, 0.32202309370040894, 0.33307260274887085, 0.34412211179733276, 0.3551715910434723, 0.3662211000919342]}, "gradients/fc1.0.bias": {"_type": "histogram", "values": [2.0, 0.0, 1.0, 0.0, 0.0, 1.0, 0.0, 2.0, 1.0, 3.0, 3.0, 3.0, 1.0, 2.0, 5.0, 3.0, 3.0, 7.0, 9.0, 2.0, 13.0, 14.0, 8.0, 8.0, 11.0, 16.0, 15.0, 20.0, 14.0, 25.0, 30.0, 66.0, 40.0, 19.0, 20.0, 18.0, 20.0, 16.0, 13.0, 8.0, 10.0, 8.0, 9.0, 4.0, 0.0, 6.0, 6.0, 5.0, 5.0, 4.0, 2.0, 2.0, 2.0, 1.0, 0.0, 3.0, 0.0, 0.0, 0.0, 0.0, 0.0, 0.0, 0.0, 3.0], "bins": [-0.03301378712058067, -0.031975168734788895, -0.030936546623706818, -0.02989792823791504, -0.02885930798947811, -0.027820687741041183, -0.026782069355249405, -0.025743449106812477, -0.02470482885837555, -0.02366620860993862, -0.022627588361501694, -0.021588969975709915, -0.020550349727272987, -0.01951172947883606, -0.01847311109304428, -0.017434490844607353, -0.016395870596170425, -0.015357250347733498, -0.014318631030619144, -0.013280011713504791, -0.012241391465067863, -0.011202771216630936, -0.010164151899516582, -0.00912553258240223, -0.008086912333965302, -0.007048292551189661, -0.0060096727684140205, -0.00497105298563838, -0.0039324332028627396, -0.002893813420087099, -0.0018551936373114586, -0.0008165738545358181, 0.00022204220294952393, 0.0012606619857251644, 0.002299281768500805, 0.0033379015512764454, 0.004376521334052086, 0.005415141116827726, 0.006453760899603367, 0.007492380682379007, 0.008531000465154648, 0.009569620713591576, 0.010608240030705929, 0.011646859347820282, 0.01268547959625721, 0.013724099844694138, 0.01476271916180849, 0.015801338478922844, 0.01683995872735977, 0.0178785789757967, 0.018917199224233627, 0.019955817610025406, 0.020994437858462334, 0.02203305810689926, 0.02307167649269104, 0.024110296741127968, 0.025148916989564896, 0.026187537238001823, 0.02722615748643875, 0.02826477587223053, 0.029303396120667458, 0.030342016369104385, 0.031380634754896164, 0.03241925686597824, 0.03345787525177002]}, "gradients/fc1.0.weight": {"_type": "histogram", "values": [1.0, 1.0, 0.0, 0.0, 0.0, 1.0, 1.0, 0.0, 0.0, 0.0, 2.0, 2.0, 3.0, 4.0, 5.0, 8.0, 13.0, 15.0, 29.0, 30.0, 41.0, 77.0, 132.0, 204.0, 389.0, 642.0, 1187.0, 2248.0, 4445.0, 8710.0, 18890.0, 43296.0, 131703.0, 496325.0, 62918.0, 24517.0, 11317.0, 5596.0, 2869.0, 1514.0, 823.0, 492.0, 282.0, 179.0, 99.0, 66.0, 32.0, 32.0, 19.0, 11.0, 7.0, 6.0, 5.0, 1.0, 3.0, 3.0, 1.0, 1.0, 0.0, 1.0, 0.0, 0.0, 1.0, 1.0], "bins": [-0.22652167081832886, -0.21971143782138824, -0.21290121972560883, -0.2060909867286682, -0.1992807686328888, -0.19247053563594818, -0.18566030263900757, -0.17885008454322815, -0.17203985154628754, -0.16522961854934692, -0.1584194004535675, -0.1516091674566269, -0.14479893445968628, -0.13798871636390686, -0.13117848336696625, -0.12436825782060623, -0.11755803227424622, -0.1107478067278862, -0.10393758118152618, -0.09712734818458557, -0.09031712263822556, -0.08350689709186554, -0.07669666409492493, -0.06988643854856491, -0.0630762130022049, -0.05626598745584488, -0.049455758184194565, -0.04264552891254425, -0.035835303366184235, -0.02902507781982422, -0.022214848548173904, -0.01540461927652359, -0.008594393730163574, -0.0017841663211584091, 0.005026061087846756, 0.011836288496851921, 0.018646515905857086, 0.025456741452217102, 0.032266970723867416, 0.03907719999551773, 0.04588742554187775, 0.05269765108823776, 0.05950788035988808, 0.06631810963153839, 0.07312833517789841, 0.07993856072425842, 0.08674879372119904, 0.09355901926755905, 0.10036924481391907, 0.10717947036027908, 0.1139896959066391, 0.12079992890357971, 0.12761014699935913, 0.13442037999629974, 0.14123061299324036, 0.14804083108901978, 0.1548510640859604, 0.161661297082901, 0.16847151517868042, 0.17528174817562103, 0.18209198117256165, 0.18890219926834106, 0.19571243226528168, 0.2025226652622223, 0.2093328833580017]}, "gradients/conv2.0.weight": {"_type": "histogram", "values": [1.0, 0.0, 0.0, 0.0, 0.0, 0.0, 1.0, 0.0, 1.0, 4.0, 0.0, 1.0, 4.0, 5.0, 1.0, 9.0, 9.0, 9.0, 21.0, 33.0, 33.0, 44.0, 71.0, 99.0, 163.0, 205.0, 302.0, 513.0, 794.0, 1056.0, 1755.0, 2635.0, 3907.0, 5490.0, 7360.0, 8125.0, 6209.0, 4030.0, 2705.0, 1700.0, 1125.0, 786.0, 538.0, 420.0, 264.0, 197.0, 134.0, 109.0, 82.0, 68.0, 32.0, 39.0, 20.0, 24.0, 17.0, 14.0, 9.0, 9.0, 5.0, 4.0, 3.0, 2.0, 2.0, 2.0],