{"avg_train_loss": 0.13579295517771128, "test_acc": 0.9299333333333333, "_timestamp": 1683179024.0186362, "_runtime": 365.11142921447754, "_step": 41, "gradients/fc.bias": {"_type": "histogram", "values": [1.0, 0.0, 0.0, 0.0, 0.0, 0.0, 0.0, 0.0, 0.0, 0.0, 0.0, 0.0, 0.0, 0.0, 0.0, 0.0, 0.0, 0.0, 0.0, 0.0, 0.0, 0.0, 0.0, 0.0, 0.0, 0.0, 0.0, 0.0, 0.0, 0.0, 0.0, 0.0, 0.0, 0.0, 0.0, 0.0, 0.0, 0.0, 0.0, 0.0, 0.0, 4.0, 1.0, 0.0, 1.0, 0.0, 1.0, 0.0, 0.0, 0.0, 1.0, 0.0, 0.0, 0.0, 0.0, 0.0, 0.0, 0.0, 0.0, 0.0, 0.0, 0.0, 0.0, 1.0], "bins": [-0.03457939997315407, -0.033744171261787415, -0.03290894255042076, -0.03207371011376381, -0.031238481402397156, -0.030403252691030502, -0.02956802397966385, -0.028732793405652046, -0.027897562831640244, -0.02706233412027359, -0.026227103546261787, -0.025391874834895134, -0.02455664426088333, -0.023721415549516678, -0.022886186838150024, -0.022050956264138222, -0.02121572755277157, -0.020380498841404915, -0.019545268267393112, -0.01871003955602646, -0.017874808982014656, -0.017039580270648003, -0.0162043496966362, -0.015369120985269547, -0.014533891342580318, -0.01369866169989109, -0.012863432057201862, -0.012028202414512634, -0.01119297370314598, -0.010357743129134178, -0.009522514417767525, -0.008687284775078297, -0.007852056995034218, -0.00701682735234499, -0.006181597709655762, -0.005346368532627821, -0.004511138889938593, -0.003675909247249365, -0.002840680070221424, -0.002005450427532196, -0.001170220784842968, -0.00033499125856906176, 0.0005002382677048445, 0.0013354676775634289, 0.002170697320252657, 0.003005926962941885, 0.0038411561399698257, 0.004676385782659054, 0.005511615425348282, 0.00634684506803751, 0.007182074710726738, 0.008017303422093391, 0.008852533996105194, 0.009687762707471848, 0.010522992350161076, 0.011358221992850304, 0.012193451635539532, 0.01302868127822876, 0.013863910920917988, 0.014699140563607216, 0.01553436927497387, 0.016369599848985672, 0.017204828560352325, 0.01804005727171898, 0.01887528784573078]}, "gradients/fc.weight": {"_type": "histogram", "values": [1.0, 1.0, 0.0, 1.0, 0.0, 0.0, 2.0, 0.0, 0.0, 1.0, 2.0, 4.0, 2.0, 1.0, 4.0, 2.0, 2.0, 3.0, 1.0, 2.0, 7.0, 6.0, 6.0, 8.0, 5.0, 6.0, 5.0, 7.0, 5.0, 7.0, 5.0, 11.0, 7.0, 7.0, 8.0, 6.0, 7.0, 11.0, 9.0, 10.0, 166.0, 4217.0, 190.0, 114.0, 75.0, 45.0, 35.0, 15.0, 17.0, 12.0, 10.0, 11.0, 12.0, 3.0, 5.0, 5.0, 2.0, 6.0, 3.0, 0.0, 2.0, 0.0, 2.0, 1.0], "bins": [-0.19640536606311798, -0.19163885712623596, -0.18687234818935394, -0.18210583925247192, -0.1773393303155899, -0.17257282137870789, -0.16780631244182587, -0.16303980350494385, -0.15827329456806183, -0.1535067856311798, -0.1487402766942978, -0.14397376775741577, -0.13920725882053375, -0.13444074988365173, -0.12967424094676971, -0.1249077320098877, -0.12014121562242508, -0.11537470668554306, -0.11060819774866104, -0.10584168881177902, -0.101075179874897, -0.09630867093801498, -0.09154215455055237, -0.08677564561367035, -0.08200913667678833, -0.07724262773990631, -0.07247611880302429, -0.06770960986614227, -0.06294310092926025, -0.058176591992378235, -0.05341007933020592, -0.0486435703933239, -0.04387706518173218, -0.03911055624485016, -0.03434404730796814, -0.02957753650844097, -0.024811027571558952, -0.020044518634676933, -0.015278007835149765, -0.010511498898267746, -0.005744989961385727, -0.0009784805588424206, 0.0037880288437008858, 0.00855453871190548, 0.013321047648787498, 0.018087556585669518, 0.022854067385196686, 0.027620576322078705, 0.032387085258960724, 0.03715359419584274, 0.04192010313272476, 0.04668661206960678, 0.0514531210064888, 0.05621962994337082, 0.06098614260554314, 0.06575265526771545, 0.07051916420459747, 0.07528567314147949, 0.08005218207836151, 0.08481869101524353, 0.08958519995212555, 0.09435170888900757, 0.09911821782588959, 0.1038847267627716, 0.10865123569965363]}, "gradients/fc1.0.bias": {"_type": "histogram", "values": [1.0, 0.0, 1.0, 0.0, 1.0, 1.0, 0.0, 0.0, 1.0, 0.0, 2.0, 0.0, 2.0, 3.0, 0.0, 0.0, 1.0, 1.0, 2.0, 2.0, 0.0, 2.0, 3.0, 4.0, 8.0, 7.0, 9.0, 5.0, 9.0, 6.0, 6.0, 9.0, 93.0, 238.0, 10.0, 10.0, 6.0, 6.0, 8.0, 4.0, 3.0, 6.0, 3.0, 4.0, 5.0, 2.0, 3.0, 4.0, 2.0, 3.0, 3.0, 2.0, 2.0, 1.0, 2.0, 1.0, 1.0, 2.0, 1.0, 0.0, 0.0, 0.0, 0.0, 1.0], "bins": [-0.016529951244592667, -0.01603025197982788, -0.01553055364638567, -0.015030854381620884, -0.014531155116856098, -0.014031456783413887, -0.013531757518649101, -0.013032058253884315, -0.01253235898911953, -0.012032659724354744, -0.011532961390912533, -0.011033262126147747, -0.010533562861382961, -0.01003386452794075, -0.009534165263175964, -0.009034465998411179, -0.008534767664968967, -0.008035068400204182, -0.007535369601100683, -0.007035670801997185, -0.006535971537232399, -0.0060362727381289005, -0.005536573939025402, -0.005036874674260616, -0.004537175875157118, -0.004037477076053619, -0.0035377778112888336, -0.003038079012185335, -0.002538379980251193, -0.002038680948317051, -0.0015389821492135525, -0.0010392831172794104, -0.0005395840853452682, -3.988511161878705e-05, 0.00045981386210769415, 0.0009595127776265144, 0.0014592118095606565, 0.0019589108414947987, 0.002458609640598297, 0.0029583086725324392, 0.0034580077044665813, 0.00395770650357008, 0.004457405768334866, 0.004957104567438364, 0.0054568033665418625, 0.005956502631306648, 0.006456201430410147, 0.006955900229513645, 0.007455599494278431, 0.007955298759043217, 0.008454997092485428, 0.008954696357250214, 0.009454395622015, 0.009954094886779785, 0.010453793220221996, 0.010953492484986782, 0.011453190818428993, 0.011952890083193779, 0.01245258841663599, 0.012952287681400776, 0.013451986946165562, 0.013951685279607773, 0.014451384544372559, 0.014951083809137344, 0.01545078307390213]}, "gradients/fc1.0.weight": {"_type": "histogram", "values": [1.0, 1.0, 1.0, 0.0, 2.0, 2.0, 3.0, 4.0, 4.0, 6.0, 12.0, 16.0, 20.0, 28.0, 37.0, 45.0, 76.0, 69.0, 120.0, 140.0, 201.0, 253.0, 347.0, 409.0, 601.0, 808.0, 1184.0, 1789.0, 2807.0, 4672.0, 8223.0, 16059.0, 618758.0, 120773.0, 15732.0, 8823.0, 5548.0, 3639.0, 2387.0, 1647.0, 1159.0, 810.0, 590.0, 403.0, 306.0, 213.0, 144.0, 104.0, 73.0, 49.0, 29.0, 23.0, 16.0, 12.0, 6.0, 6.0, 3.0, 3.0, 2.0, 0.0, 0.0, 1.0, 0.0, 1.0], "bins": [-0.17282016575336456, -0.16757911443710327, -0.16233807802200317, -0.15709702670574188, -0.1518559753894806, -0.1466149240732193, -0.1413738876581192, -0.1361328363418579, -0.13089178502559662, -0.12565073370933533, -0.12040968984365463, -0.11516864597797394, -0.10992759466171265, -0.10468655079603195, -0.09944550693035126, -0.09420445561408997, -0.08896341174840927, -0.08372236788272858, -0.07848131656646729, -0.07324027270078659, -0.0679992213845253, -0.0627581775188446, -0.05751712992787361, -0.05227608233690262, -0.047035034745931625, -0.04179398715496063, -0.03655293956398964, -0.031311891973018646, -0.026070846244692802, -0.02082979865372181, -0.015588752925395966, -0.010347705334424973, -0.0051066577434539795, 0.00013438938185572624, 0.005375436507165432, 0.01061648316681385, 0.015857530757784843, 0.021098578348755836, 0.02633962407708168, 0.03158067166805267, 0.036821719259023666, 0.04206276684999466, 0.04730381444096565, 0.052544862031936646, 0.05778590589761734, 0.06302695721387863, 0.06826800107955933, 0.07350905239582062, 0.07875009626150131, 0.083991140127182, 0.0892321914434433, 0.09447323530912399, 0.09971428662538528, 0.10495533049106598, 0.11019638180732727, 0.11543742567300797, 0.12067846953868866, 0.12591952085494995, 0.13116055727005005, 0.13640160858631134, 0.14164265990257263, 0.14688371121883392, 0.15212474763393402, 0.1573657989501953, 0.1626068502664566]}, "gradients/conv2.0.weight": {"_type": "histogram",