{"avg_train_loss": 0.03405486831378463, "test_acc": 0.7336666666666667, "_timestamp": 1683176031.1200006, "_runtime": 217.51699471473694, "_step": 20, "_wandb": {"runtime": 217}}