{"gradients/fc.bias": {"_type": "histogram", "values": [1.0, 0.0, 0.0, 0.0, 0.0, 0.0, 0.0, 0.0, 0.0, 0.0, 0.0, 0.0, 0.0, 0.0, 0.0, 0.0, 0.0, 0.0, 0.0, 0.0, 0.0, 0.0, 0.0, 1.0, 0.0, 0.0, 0.0, 0.0, 1.0, 0.0, 0.0, 0.0, 0.0, 0.0, 0.0, 2.0, 0.0, 1.0, 0.0, 0.0, 0.0, 0.0, 0.0, 0.0, 0.0, 1.0, 0.0, 1.0, 0.0, 0.0, 0.0, 0.0, 0.0, 0.0, 1.0, 0.0, 0.0, 0.0, 0.0, 0.0, 0.0, 0.0, 0.0, 1.0], "bins": [-0.00024141519679687917, -0.00023491060710512102, -0.00022840601741336286, -0.0002219014277216047, -0.00021539683802984655, -0.0002088922483380884, -0.00020238765864633024, -0.00019588306895457208, -0.00018937847926281393, -0.00018287388957105577, -0.00017636929987929761, -0.00016986471018753946, -0.0001633601204957813, -0.00015685553080402315, -0.000150350941112265, -0.00014384635142050683, -0.00013734174717683345, -0.0001308371574850753, -0.00012433256779331714, -0.00011782797810155898, -0.00011132338840980083, -0.00010481879871804267, -9.83142017503269e-05, -9.180961205856875e-05, -8.530502236681059e-05, -7.880043267505243e-05, -7.229584298329428e-05, -6.579124601557851e-05, -5.928665996179916e-05, -5.2782070270041004e-05, -4.627747694030404e-05, -3.9772887248545885e-05, -3.326829755678773e-05, -2.6763707865029573e-05, -2.0259116354282014e-05, -1.3754524843534455e-05, -7.249935151776299e-06, -7.453454600181431e-07, 5.75924786971882e-06, 1.2263837561476976e-05, 1.876842725323513e-05, 2.5273016944993287e-05, 3.177760663675144e-05, 3.8282199966488406e-05, 4.478678965824656e-05, 5.129137935000472e-05, 5.779597267974168e-05, 6.430056237149984e-05, 7.080515206325799e-05, 7.730974175501615e-05, 8.38143314467743e-05, 9.031892113853246e-05, 9.682351083029062e-05, 0.00010332810052204877, 0.00010983269748976454, 0.0001163372871815227, 0.00012284188414923847, 0.00012934647384099662, 0.00013585106353275478, 0.00014235565322451293, 0.0001488602429162711, 0.00015536483260802925, 0.0001618694222997874, 0.00016837401199154556, 0.00017487860168330371]}, "_timestamp": 1683177578.257841, "gradients/fc.weight": {"_type": "histogram", "values": [1.0, 0.0, 0.0, 2.0, 0.0, 0.0, 0.0, 1.0, 0.0, 0.0, 0.0, 1.0, 2.0, 0.0, 3.0, 3.0, 2.0, 4.0, 4.0, 2.0, 3.0, 6.0, 3.0, 3.0, 7.0, 7.0, 7.0, 7.0, 13.0, 18.0, 35.0, 27.0, 37.0, 59.0, 74.0, 77.0, 170.0, 648.0, 3180.0, 203.0, 131.0, 97.0, 88.0, 49.0, 39.0, 33.0, 13.0, 15.0, 6.0, 10.0, 5.0, 4.0, 4.0, 8.0, 2.0, 1.0, 2.0, 0.0, 1.0, 0.0, 0.0, 2.0, 0.0, 1.0], "bins": [-0.0015692670131102204, -0.0015279781073331833, -0.001486689317971468, -0.0014454004121944308, -0.0014041116228327155, -0.0013628227170556784, -0.001321533927693963, -0.001280245021916926, -0.0012389561161398888, -0.0011976672103628516, -0.0011563784210011363, -0.0011150895152240992, -0.0010738007258623838, -0.0010325118200853467, -0.0009912229143083096, -0.0009499341249465942, -0.0009086453355848789, -0.0008673564880155027, -0.0008260676404461265, -0.0007847787346690893, -0.000743489945307374, -0.0007022010395303369, -0.0006609121919609606, -0.0006196233443915844, -0.0005783344968222082, -0.0005370456492528319, -0.0004957568016834557, -0.000454467925010249, -0.0004131790774408728, -0.00037189022987149656, -0.00033060135319828987, -0.00028931250562891364, -0.00024802377447485924, -0.000206734926905483, -0.00016544606478419155, -0.0001241572026629001, -8.286835509352386e-05, -4.157950752414763e-05, -2.9063085094094276e-07, 4.099821671843529e-05, 8.228706428781152e-05, 0.00012357591185718775, 0.0001648647739784792, 0.00020615363609977067, 0.0002474424836691469, 0.0002887313312385231, 0.0003300202079117298, 0.00037130905548110604, 0.0004125979030504823, 0.0004538867506198585, 0.0004951755981892347, 0.0005364645039662719, 0.0005777532933279872, 0.0006190421991050243, 0.0006603310466744006, 0.0007016198942437768, 0.000742908741813153, 0.0007841975893825293, 0.0008254864369519055, 0.0008667752845212817, 0.0009080641902983189, 0.0009493529796600342, 0.0009906418854370713, 0.0010319307912141085, 0.0010732195805758238]}, "gradients/fc1.0.bias": {"_type": "histogram", "values": [1.0, 0.0, 0.0, 0.0, 0.0, 0.0, 3.0, 1.0, 1.0, 1.0, 2.0, 0.0, 1.0, 2.0, 2.0, 3.0, 3.0, 2.0, 6.0, 3.0, 7.0, 6.0, 14.0, 9.0, 12.0, 10.0, 21.0, 16.0, 29.0, 25.0, 57.0, 82.0, 41.0, 29.0, 27.0, 10.0, 16.0, 13.0, 11.0, 4.0, 7.0, 3.0, 5.0, 3.0, 3.0, 2.0, 1.0, 1.0, 3.0, 2.0, 2.0, 3.0, 3.0, 0.0, 0.0, 0.0, 1.0, 0.0, 1.0, 0.0, 0.0, 1.0, 0.0, 1.0], "bins": [-0.00011854725744342431, -0.00011477505177026615, -0.00011100285337306559, -0.00010723064769990742, -0.00010345844930270687, -9.96862436295487e-05, -9.591404523234814e-05, -9.214183955918998e-05, -8.83696338860318e-05, -8.459742821287364e-05, -8.082522981567308e-05, -7.705302414251491e-05, -7.328082574531436e-05, -6.950862007215619e-05, -6.573641439899802e-05, -6.196421600179747e-05, -5.819201760459691e-05, -5.441981556941755e-05, -5.064761353423819e-05, -4.687540786108002e-05, -4.3103209463879466e-05, -3.93310037907213e-05, -3.5558801755541936e-05, -3.1786599720362574e-05, -2.8014397685183212e-05, -2.424219565000385e-05, -2.046999361482449e-05, -1.6697789760655724e-05, -1.2925587725476362e-05, -9.153385690297e-06, -5.381181836128235e-06, -1.6089798009488732e-06, 2.1632295101881027e-06, 5.935432000114815e-06, 9.707634490041528e-06, 1.3479837434715591e-05, 1.7252039469894953e-05, 2.1024241505074315e-05, 2.479644535924308e-05, 2.8568647394422442e-05, 3.2340849429601803e-05, 3.6113051464781165e-05, 3.988525349996053e-05, 4.365745553513989e-05, 4.742966120829806e-05, 5.120185960549861e-05, 5.497406527865678e-05, 5.874626731383614e-05, 6.25184693490155e-05, 6.629067502217367e-05, 7.006287341937423e-05, 7.38350790925324e-05, 7.760727748973295e-05, 8.137948316289112e-05, 8.515168156009167e-05, 8.892388723324984e-05, 9.269609290640801e-05, 9.646829857956618e-05, 0.00010024049697676674, 0.0001040127026499249, 0.00010778490104712546, 0.00011155710672028363, 0.0001153293123934418, 0.00011910151079064235, 0.0001228737091878429]}, "gradients/fc1.0.weight": {"_type": "histogram", "values": [7.0, 3.0, 2.0, 0.0, 2.0, 13.0, 18.0, 15.0, 15.0, 25.0, 37.0, 21.0, 24.0, 91.0, 95.0, 123.0, 180.0, 294.0, 408.0, 593.0, 889.0, 1356.0, 2283.0, 3932.0, 7315.0, 15002.0, 34747.0, 159002.0, 526545.0, 35324.0, 13978.0, 6866.0, 3678.0, 2048.0, 1364.0, 859.0, 602.0, 421.0, 252.0, 198.0, 141.0, 98.0, 72.0, 64.0, 36.0, 33.0, 33.0, 22.0, 15.0, 12.0, 10.0, 8.0, 8.0, 5.0, 5.0, 0.0, 5.0, 2.0, 2.0, 0.0, 0.0, 0.0, 0.0, 2.0], "bins": [-0.0008682124316692352, -0.0008373011951334774, -0.0008063899585977197, -0.0007754787220619619, -0.0007445674855262041, -0.0007136562489904463, -0.0006827450124546885, -0.0006518338341265917, -0.000620922539383173, -0.0005900113028474152, -0.0005591000663116574, -0.0005281888297758996, -0.0004972775932401419, -0.0004663663567043841, -0.00043545514927245677, -0.000404543912736699, -0.00037363270530477166, -0.0003427214687690139, -0.0003118102322332561, -0.0002808989956974983, -0.00024998775916174054, -0.000219076537177898, -0.00018816531519405544, -0.00015725407865829766, -0.00012634284212253988, -9.54316055867821e-05, -6.452037632698193e-05, -3.3609147067181766e-05, -2.697910531423986e-06, 2.8213326004333794e-05, 5.9124547988176346e-05, 9.003578452393413e-05, 0.0001209470210596919, 0.00015185825759544969, 0.00018276949413120747, 0.00021368071611505002, 0.000244591967202723, 0.0002755032037384808, 0.00030641441117040813, 0.0003373256477061659, 0.0003682368842419237, 0.00039914812077768147, 0.00043005935731343925, 0.0004609705647453666, 0.0004918818012811244, 0.0005227930378168821, 0.0005537042743526399, 0.0005846155108883977, 0.0006155267474241555, 0.0006464379839599133, 0.000677349220495671, 0.0007082604570314288, 0.0007391716935671866, 0.0007700829301029444, 0.0008009941084310412, 0.0008319054031744599, 0.0008628165815025568, 0.0008937278180383146, 0.0009246390545740724, 0.0009555502911098301, 0.000986461527645588, 0.0010173727059736848, 0.0010482840007171035, 0.0010791951790452003, 0.001110106473788619]}, "gradients/conv2.0.weight": {"_type": "histogram",