{"gradients/fc.bias": {"_type": "histogram", "values": [1.0, 0.0, 0.0, 0.0, 0.0, 0.0, 0.0, 0.0, 0.0, 0.0, 0.0, 0.0, 0.0, 0.0, 0.0, 0.0, 1.0, 0.0, 0.0, 0.0, 0.0, 0.0, 0.0, 0.0, 0.0, 0.0, 0.0, 0.0, 0.0, 0.0, 0.0, 2.0, 0.0, 0.0, 1.0, 1.0, 0.0, 0.0, 0.0, 1.0, 1.0, 0.0, 0.0, 1.0, 0.0, 0.0, 0.0, 0.0, 0.0, 0.0, 0.0, 0.0, 0.0, 0.0, 0.0, 0.0, 0.0, 0.0, 0.0, 0.0, 0.0, 0.0, 0.0, 1.0], "bins": [-0.0844830870628357, -0.0819825828075409, -0.0794820785522461, -0.0769815742969513, -0.0744810700416565, -0.0719805657863617, -0.0694800615310669, -0.0669795572757721, -0.0644790530204773, -0.061978548765182495, -0.059478044509887695, -0.056977540254592896, -0.054477035999298096, -0.051976531744003296, -0.049476031213998795, -0.046975526958703995, -0.04447502642869949, -0.041974522173404694, -0.039474017918109894, -0.036973513662815094, -0.034473009407520294, -0.031972505152225494, -0.029472004622220993, -0.026971500366926193, -0.024470996111631393, -0.021970491856336594, -0.019469987601041794, -0.016969485208392143, -0.014468980953097343, -0.011968476697802544, -0.009467973373830318, -0.006967470049858093, -0.0044669583439826965, -0.001966454554349184, 0.0005340492352843285, 0.003034553024917841, 0.0055350568145513535, 0.008035561069846153, 0.010536064393818378, 0.013036567717790604, 0.015537071973085403, 0.018037576228380203, 0.020538080483675003, 0.023038582876324654, 0.025539087131619453, 0.028039591386914253, 0.030540093779563904, 0.033040598034858704, 0.0355411022901535, 0.0380416065454483, 0.0405421108007431, 0.0430426150560379, 0.0455431193113327, 0.0480436235666275, 0.050544124096632004, 0.053044628351926804, 0.0555451326072216, 0.0580456368625164, 0.0605461411178112, 0.0630466416478157, 0.0655471459031105, 0.0680476501584053, 0.0705481544137001, 0.0730486586689949, 0.0755491629242897]}, "_timestamp": 1683181109.0685616, "gradients/fc.weight": {"_type": "histogram", "values": [1.0, 0.0, 0.0, 0.0, 0.0, 0.0, 0.0, 0.0, 0.0, 0.0, 0.0, 2.0, 1.0, 3.0, 2.0, 5.0, 4.0, 9.0, 7.0, 4.0, 6.0, 8.0, 10.0, 13.0, 14.0, 27.0, 17.0, 14.0, 20.0, 38.0, 36.0, 49.0, 55.0, 93.0, 157.0, 415.0, 3100.0, 441.0, 174.0, 125.0, 72.0, 51.0, 29.0, 23.0, 16.0, 10.0, 12.0, 10.0, 8.0, 10.0, 6.0, 4.0, 2.0, 3.0, 4.0, 2.0, 3.0, 1.0, 1.0, 1.0, 0.0, 0.0, 1.0, 1.0], "bins": [-0.26910871267318726, -0.2616807222366333, -0.25425273180007935, -0.2468247264623642, -0.23939673602581024, -0.2319687306880951, -0.22454074025154114, -0.21711274981498718, -0.20968475937843323, -0.20225676894187927, -0.19482876360416412, -0.18740077316761017, -0.1799727827310562, -0.17254477739334106, -0.1651167869567871, -0.15768879652023315, -0.1502608060836792, -0.14283281564712524, -0.1354048103094101, -0.12797681987285614, -0.12054882943630219, -0.11312083154916763, -0.10569283366203308, -0.09826484322547913, -0.09083683788776398, -0.08340884000062943, -0.07598084956407547, -0.06855285167694092, -0.06112486124038696, -0.05369686335325241, -0.04626886919140816, -0.038840875029563904, -0.03141288459300995, -0.023984890431165695, -0.01655689626932144, -0.009128900244832039, -0.0017009060829877853, 0.005727089941501617, 0.013155084103345871, 0.020583078265190125, 0.028011072427034378, 0.03543906658887863, 0.042867060750722885, 0.05029505491256714, 0.05772305279970169, 0.06515105068683624, 0.0725790411233902, 0.08000703155994415, 0.0874350294470787, 0.09486302733421326, 0.10229101777076721, 0.10971901565790176, 0.11714700609445572, 0.12457500398159027, 0.13200299441814423, 0.13943099975585938, 0.14685899019241333, 0.15428698062896729, 0.16171498596668243, 0.1691429764032364, 0.17657096683979034, 0.1839989721775055, 0.19142696261405945, 0.1988549530506134, 0.20628294348716736]}, "gradients/fc1.0.bias": {"_type": "histogram", "values": [1.0, 2.0, 2.0, 1.0, 2.0, 2.0, 2.0, 2.0, 1.0, 2.0, 2.0, 3.0, 2.0, 3.0, 2.0, 4.0, 3.0, 5.0, 5.0, 7.0, 7.0, 12.0, 14.0, 28.0, 23.0, 30.0, 30.0, 35.0, 59.0, 42.0, 21.0, 22.0, 18.0, 14.0, 15.0, 9.0, 6.0, 7.0, 10.0, 10.0, 4.0, 4.0, 6.0, 6.0, 3.0, 2.0, 2.0, 5.0, 1.0, 2.0, 1.0, 1.0, 2.0, 2.0, 1.0, 0.0, 0.0, 1.0, 0.0, 1.0, 0.0, 1.0, 0.0, 2.0], "bins": [-0.02386811561882496, -0.02303895726799965, -0.02220979891717434, -0.02138064056634903, -0.02055148221552372, -0.01972232386469841, -0.01889316365122795, -0.01806400716304779, -0.01723484694957733, -0.016405688598752022, -0.015576530247926712, -0.014747371897101402, -0.013918213546276093, -0.013089055195450783, -0.012259895913302898, -0.011430737562477589, -0.010601580142974854, -0.009772421792149544, -0.008943263441324234, -0.008114105090498924, -0.007284946274012327, -0.0064557879231870174, -0.00562662910670042, -0.004797470755875111, -0.003968312405049801, -0.003139154054224491, -0.0023099954705685377, -0.0014808368869125843, -0.0006516785360872746, 0.0001774798147380352, 0.0010066386312246323, 0.001835796982049942, 0.002664957195520401, 0.0034941155463457108, 0.0043232738971710205, 0.005152432713657618, 0.005981591064482927, 0.006810749415308237, 0.007639908231794834, 0.008469066582620144, 0.009298224933445454, 0.010127383284270763, 0.010956541635096073, 0.011785700917243958, 0.012614859268069267, 0.013444017618894577, 0.014273175969719887, 0.015102334320545197, 0.015931492671370506, 0.016760651022195816, 0.017589809373021126, 0.018418967723846436, 0.019248126074671745, 0.020077284425497055, 0.020906444638967514, 0.021735601127147675, 0.022564761340618134, 0.023393919691443443, 0.024223078042268753, 0.025052236393094063, 0.025881394743919373, 0.026710553094744682, 0.027539711445569992, 0.02836887165904045, 0.02919802814722061]}, "gradients/fc1.0.weight": {"_type": "histogram", "values": [2.0, 2.0, 2.0, 1.0, 2.0, 5.0, 8.0, 7.0, 12.0, 16.0, 17.0, 25.0, 40.0, 60.0, 84.0, 109.0, 170.0, 256.0, 382.0, 580.0, 913.0, 1540.0, 2524.0, 4584.0, 8737.0, 19714.0, 58872.0, 549654.0, 106783.0, 31961.0, 14578.0, 7477.0, 4074.0, 2300.0, 1358.0, 810.0, 531.0, 319.0, 228.0, 144.0, 94.0, 57.0, 38.0, 38.0, 25.0, 16.0, 17.0, 9.0, 10.0, 3.0, 3.0, 2.0, 1.0, 1.0, 2.0, 0.0, 1.0, 1.0, 0.0, 0.0, 0.0, 0.0, 0.0, 1.0], "bins": [-0.14785712957382202, -0.14252428710460663, -0.13719144463539124, -0.13185860216617584, -0.12652575969696045, -0.12119292467832565, -0.11586008220911026, -0.11052724719047546, -0.10519440472126007, -0.09986156225204468, -0.09452871978282928, -0.08919587731361389, -0.0838630422949791, -0.0785301998257637, -0.07319735735654831, -0.06786452233791351, -0.06253167241811752, -0.05719882994890213, -0.051865991204977036, -0.04653314873576164, -0.04120030999183655, -0.035867467522621155, -0.03053462505340576, -0.025201786309480667, -0.019868943840265274, -0.01453610323369503, -0.009203261695802212, -0.0038704201579093933, 0.0014624204486608505, 0.006795261055231094, 0.012128103524446487, 0.017460942268371582, 0.022793784737586975, 0.02812662534415722, 0.03345946595072746, 0.038792308419942856, 0.04412514716386795, 0.049457989633083344, 0.05479083210229874, 0.06012367084622383, 0.06545650959014893, 0.07078935205936432, 0.07612219452857971, 0.0814550369977951, 0.0867878720164299, 0.0921207144856453, 0.09745355695486069, 0.10278639197349548, 0.10811924189329147, 0.11345208436250687, 0.11878492683172226, 0.12411776185035706, 0.12945060431957245, 0.13478344678878784, 0.14011628925800323, 0.14544913172721863, 0.15078197419643402, 0.15611481666564941, 0.1614476591348648, 0.1667805016040802, 0.1721133440732956, 0.177446186542511, 0.18277901411056519, 0.18811185657978058, 0.19344469904899597]}, "gradients/conv2.0.weight": {"_type": "histogram", "values": [3.0, 1.0, 3.0, 2.0, 11.0, 8.0, 16.0, 5.0, 16.0, 41.0, 37.0, 53.0, 59.0, 80.0, 126.0, 146.0, 202.0, 330.0, 457.0, 629.0, 862.0, 1324.0, 1960.0, 2716.0, 3903.0, 5318.0, 6509.0, 6708.0, 4903.0, 3630.0, 2654.0, 2131.0, 1475.0, 1141.0, 857.0, 702.0, 458.0, 366.0, 280.0, 248.0, 176.0, 137.0, 104.0, 98.0, 62.0, 47.0, 35.0, 34.0, 30.0, 25.0, 19.0, 10.0, 11.0, 9.0, 7.0, 6.0, 7.0, 1.0, 3.0, 5.0, 1.0, 1.0, 1.0, 1.0],