{"gradients/fc.bias": {"_type": "histogram", "values": [1.0, 1.0, 0.0, 0.0, 0.0, 0.0, 0.0, 0.0, 0.0, 0.0, 0.0, 0.0, 0.0, 0.0, 0.0, 0.0, 0.0, 0.0, 0.0, 0.0, 0.0, 0.0, 0.0, 0.0, 0.0, 0.0, 0.0, 0.0, 0.0, 1.0, 2.0, 2.0, 0.0, 0.0, 0.0, 0.0, 0.0, 0.0, 0.0, 0.0, 0.0, 0.0, 0.0, 1.0, 0.0, 0.0, 0.0, 0.0, 1.0, 0.0, 0.0, 0.0, 0.0, 0.0, 0.0, 0.0, 0.0, 0.0, 0.0, 0.0, 0.0, 0.0, 0.0, 1.0], "bins": [-0.0004357520374469459, -0.00042172009125351906, -0.00040768817416392267, -0.0003936562570743263, -0.00037962431088089943, -0.0003655923646874726, -0.0003515604475978762, -0.0003375285305082798, -0.00032349658431485295, -0.0003094646381214261, -0.0002954327210318297, -0.0002814008039422333, -0.0002673688577488065, -0.00025333691155537963, -0.00023930499446578324, -0.00022527306282427162, -0.00021124113118276, -0.00019720919954124838, -0.00018317726789973676, -0.00016914533625822514, -0.00015511340461671352, -0.0001410814729752019, -0.00012704954133369029, -0.00011301760969217867, -9.898567805066705e-05, -8.495374640915543e-05, -7.092181476764381e-05, -5.688988312613219e-05, -4.285795148462057e-05, -2.8826019843108952e-05, -1.4794088201597333e-05, -7.621565600857139e-07, 1.3269804185256362e-05, 2.730173582676798e-05, 4.13336674682796e-05, 5.536559910979122e-05, 6.939753075130284e-05, 8.342946239281446e-05, 9.746139403432608e-05, 0.0001114933256758377, 0.00012552525731734931, 0.00013955718895886093, 0.00015358912060037255, 0.00016762105224188417, 0.0001816529838833958, 0.0001956849155249074, 0.00020971684716641903, 0.00022374877880793065, 0.00023778071044944227, 0.00025181262753903866, 0.0002658445737324655, 0.00027987651992589235, 0.00029390843701548874, 0.00030794035410508513, 0.000321972300298512, 0.00033600424649193883, 0.0003500361635815352, 0.0003640680806711316, 0.00037810002686455846, 0.0003921319730579853, 0.0004061638901475817, 0.0004201958072371781, 0.00043422775343060493, 0.0004482596996240318, 0.00046229161671362817]}, "_timestamp": 1683177706.3012502, "gradients/fc.weight": {"_type": "histogram", "values": [1.0, 0.0, 0.0, 1.0, 0.0, 0.0, 0.0, 0.0, 0.0, 3.0, 0.0, 1.0, 2.0, 3.0, 6.0, 2.0, 5.0, 8.0, 10.0, 7.0, 11.0, 21.0, 7.0, 18.0, 19.0, 23.0, 34.0, 31.0, 45.0, 48.0, 85.0, 177.0, 3691.0, 304.0, 166.0, 106.0, 81.0, 40.0, 45.0, 35.0, 15.0, 12.0, 9.0, 10.0, 7.0, 5.0, 8.0, 5.0, 2.0, 2.0, 2.0, 4.0, 0.0, 0.0, 0.0, 1.0, 0.0, 1.0, 0.0, 0.0, 0.0, 0.0, 0.0, 1.0], "bins": [-0.0032624597661197186, -0.0031625833362340927, -0.0030627071391791105, -0.0029628307092934847, -0.0028629545122385025, -0.0027630780823528767, -0.002663201652467251, -0.0025633254554122686, -0.0024634492583572865, -0.0023635728284716606, -0.0022636966314166784, -0.0021638202015310526, -0.0020639440044760704, -0.0019640675745904446, -0.0018641912611201406, -0.0017643149476498365, -0.0016644385177642107, -0.0015645622042939067, -0.0014646858908236027, -0.0013648094609379768, -0.0012649332638829947, -0.0011650568339973688, -0.0010651805205270648, -0.0009653042070567608, -0.0008654278935864568, -0.0007655515801161528, -0.0006656752666458488, -0.0005657988949678838, -0.0004659225814975798, -0.0003660462680272758, -0.0002661698963493109, -0.00016629358287900686, -6.641726940870285e-05, 3.345905861351639e-05, 0.00013333538663573563, 0.0002332117292098701, 0.0003330880426801741, 0.0004329643561504781, 0.000532840727828443, 0.0006327170412987471, 0.0007325933547690511, 0.0008324696682393551, 0.0009323459817096591, 0.0010322222951799631, 0.001132098725065589, 0.0012319749221205711, 0.001331851352006197, 0.001431727665476501, 0.001531603978946805, 0.001631480292417109, 0.001731356605887413, 0.0018312330357730389, 0.001931109232828021, 0.002030985662713647, 0.002130861859768629, 0.002230738289654255, 0.0023306147195398808, 0.0024304911494255066, 0.0025303673464804888, 0.0026302437763661146, 0.002730119973421097, 0.0028299964033067226, 0.0029298728331923485, 0.0030297490302473307, 0.003129625227302313]}, "gradients/fc1.0.bias": {"_type": "histogram", "values": [1.0, 0.0, 0.0, 4.0, 1.0, 4.0, 0.0, 4.0, 6.0, 4.0, 7.0, 5.0, 2.0, 7.0, 5.0, 8.0, 8.0, 9.0, 18.0, 13.0, 9.0, 9.0, 5.0, 18.0, 23.0, 31.0, 93.0, 52.0, 15.0, 17.0, 19.0, 10.0, 13.0, 12.0, 11.0, 5.0, 7.0, 8.0, 4.0, 9.0, 4.0, 5.0, 7.0, 4.0, 4.0, 2.0, 2.0, 1.0, 0.0, 2.0, 0.0, 0.0, 0.0, 0.0, 1.0, 1.0, 1.0, 1.0, 0.0, 0.0, 0.0, 0.0, 0.0, 1.0], "bins": [-0.00020303757628425956, -0.0001955160405486822, -0.00018799450481310487, -0.00018047296907752752, -0.00017295143334195018, -0.00016542989760637283, -0.0001579083618707955, -0.00015038684068713337, -0.00014286530495155603, -0.00013534376921597868, -0.00012782223348040134, -0.00012030069774482399, -0.00011277916928520426, -0.00010525763354962692, -9.773609781404957e-05, -9.021456935442984e-05, -8.269302634289488e-05, -7.517149060731754e-05, -6.764995487174019e-05, -6.0128422774141654e-05, -5.2606890676543117e-05, -4.508535494096577e-05, -3.756381920538843e-05, -3.004228710778989e-05, -2.2520751372212544e-05, -1.4999217455624603e-05, -7.47768262954196e-06, 4.385219654068351e-08, 7.565386113128625e-06, 1.5086920029716566e-05, 2.260845576529391e-05, 3.012998786289245e-05, 3.7651523598469794e-05, 4.517305933404714e-05, 5.2694591431645676e-05, 6.021612716722302e-05, 6.773765926482156e-05, 7.52591950003989e-05, 8.278073073597625e-05, 9.030225919559598e-05, 9.782379493117332e-05, 0.00010534533066675067, 0.00011286686640232801, 0.00012038840213790536, 0.0001279099378734827, 0.00013543147360906005, 0.0001429530093446374, 0.0001504745305282995, 0.00015799608081579208, 0.00016551761655136943, 0.00017303915228694677, 0.00018056068802252412, 0.00018808222375810146, 0.0001956037594936788, 0.00020312529522925615, 0.00021064681641291827, 0.00021816835214849561, 0.00022568988788407296, 0.0002332114236196503, 0.00024073295935522765, 0.00024825448053888977, 0.0002557760162744671, 0.00026329755201004446, 0.0002708190877456218, 0.00027834062348119915]}, "gradients/fc1.0.weight": {"_type": "histogram", "values": [3.0, 0.0, 5.0, 3.0, 9.0, 8.0, 7.0, 18.0, 11.0, 30.0, 25.0, 39.0, 48.0, 64.0, 71.0, 95.0, 126.0, 182.0, 272.0, 374.0, 545.0, 729.0, 1125.0, 1625.0, 2468.0, 3930.0, 6047.0, 9645.0, 16914.0, 32974.0, 120361.0, 543651.0, 36122.0, 16328.0, 8941.0, 5557.0, 3536.0, 2273.0, 1507.0, 1067.0, 696.0, 462.0, 344.0, 237.0, 173.0, 133.0, 112.0, 63.0, 61.0, 43.0, 33.0, 24.0, 32.0, 16.0, 10.0, 4.0, 3.0, 5.0, 4.0, 4.0, 2.0, 1.0, 0.0, 3.0], "bins": [-0.0017055000644177198, -0.0016506442334502935, -0.001595788518898189, -0.0015409326879307628, -0.0014860769733786583, -0.001431221142411232, -0.0013763653114438057, -0.0013215095968917012, -0.001266653765924275, -0.0012117979349568486, -0.0011569422204047441, -0.0011020863894373178, -0.0010472306748852134, -0.000992374843917787, -0.0009375190711580217, -0.0008826632983982563, -0.0008278075256384909, -0.0007729517528787255, -0.0007180959801189601, -0.0006632402073591948, -0.0006083843763917685, -0.0005535286036320031, -0.0004986728308722377, -0.00044381702900864184, -0.00038896125624887645, -0.00033410548348911107, -0.0002792496816255152, -0.00022439390886574984, -0.00016953812155406922, -0.0001146823342423886, -5.982656148262322e-05, -4.970759619027376e-06, 4.988501314073801e-05, 0.00010474080045241863, 0.00015959658776409924, 0.00021445236052386463, 0.00026930816238746047, 0.00032416393514722586, 0.00037901970790699124, 0.0004338755097705871, 0.0004887313116341829, 0.0005435870843939483, 0.0005984428571537137, 0.00065329868812114, 0.0007081544608809054, 0.0007630102336406708, 0.0008178660064004362, 0.0008727217791602015, 0.0009275775519199669, 0.0009824333246797323, 0.0010372891556471586, 0.001092144870199263, 0.0011470007011666894, 0.0012018564157187939, 0.0012567122466862202, 0.0013115680776536465, 0.001366423792205751, 0.0014212796231731772, 0.0014761353377252817, 0.001530991168692708, 0.0015858468832448125, 0.0016407027142122388, 0.0016955584287643433, 0.0017504142597317696, 0.0018052700906991959]}, "gradients/conv2.0.weight": {"_type": "histogram",