{"Global Test Accuracy": [0.4586, 0.5140666666666667, 0.5927333333333333, 0.6229333333333333, 0.6576, 0.6754666666666667, 0.6885333333333333, 0.7011333333333334, 0.7124666666666667, 0.7083333333333334, 0.7252, 0.7214666666666667, 0.7348, 0.7228666666666667, 0.7205333333333334, 0.7303333333333333, 0.7284666666666667, 0.7254666666666667, 0.7318666666666667, 0.7338666666666667, 0.7307333333333333], "Avg_Train_loss": [1.7894281041754616, 1.393500122613377, 1.215325359682242, 1.0714794257746802, 0.9657302604483233, 0.876925238698721, 0.7946617389685577, 0.7194094400488668, 0.6498067056710521, 0.5825968124311831, 0.5163961297993859, 0.4499825497327579, 0.38700113557672333, 0.3247690540438311, 0.26311571462095407, 0.2104549605459906, 0.16167828450910748, 0.11958262411351057, 0.08519778218060188, 0.05304256326568268, 0.03409216600616896], "_timestamp": 1683100250.253097, "_runtime": 212.7293939590454, "_step": 0, "_wandb": {"runtime": 212}}