{"gradients/fc.bias": {"_type": "histogram", "values": [1.0, 0.0, 0.0, 0.0, 0.0, 0.0, 0.0, 0.0, 0.0, 0.0, 0.0, 0.0, 0.0, 0.0, 0.0, 0.0, 0.0, 0.0, 0.0, 0.0, 0.0, 0.0, 0.0, 0.0, 0.0, 0.0, 0.0, 0.0, 0.0, 0.0, 0.0, 0.0, 0.0, 0.0, 1.0, 1.0, 3.0, 2.0, 0.0, 0.0, 0.0, 0.0, 0.0, 0.0, 1.0, 0.0, 0.0, 0.0, 0.0, 0.0, 0.0, 0.0, 0.0, 0.0, 0.0, 0.0, 0.0, 0.0, 0.0, 0.0, 0.0, 0.0, 0.0, 1.0], "bins": [-0.02758689410984516, -0.02682729996740818, -0.0260677058249712, -0.02530810981988907, -0.024548515677452087, -0.023788921535015106, -0.023029327392578125, -0.022269733250141144, -0.021510139107704163, -0.02075054496526718, -0.0199909508228302, -0.01923135668039322, -0.01847176067531109, -0.017712166532874107, -0.016952572390437126, -0.016192978248000145, -0.015433382242918015, -0.014673788100481033, -0.013914193026721478, -0.013154598884284496, -0.01239500381052494, -0.01163540966808796, -0.010875815525650978, -0.010116221383213997, -0.009356626309454441, -0.00859703216701746, -0.007837437093257904, -0.007077842950820923, -0.006318248342722654, -0.005558653734624386, -0.004799059592187405, -0.004039464984089136, -0.0032798703759908676, -0.002520275767892599, -0.0017606813926249743, -0.0010010870173573494, -0.0002414924092590809, 0.0005181021988391876, 0.0012776963412761688, 0.0020372909493744373, 0.002796885557472706, 0.0035564801655709743, 0.004316074773669243, 0.005075668916106224, 0.005835263524204493, 0.006594858132302761, 0.007354452274739742, 0.008114047348499298, 0.00887364149093628, 0.00963323563337326, 0.010392830707132816, 0.011152424849569798, 0.011912019923329353, 0.012671614065766335, 0.013431208208203316, 0.014190802350640297, 0.014950397424399853, 0.01570999249815941, 0.01646958664059639, 0.01722918078303337, 0.017988774925470352, 0.018748369067907333, 0.019507963210344315, 0.020267559215426445, 0.021027153357863426]}, "_timestamp": 1683177706.823422, "gradients/fc.weight": {"_type": "histogram", "values": [1.0, 0.0, 0.0, 0.0, 0.0, 0.0, 0.0, 0.0, 0.0, 0.0, 0.0, 1.0, 1.0, 2.0, 2.0, 1.0, 2.0, 3.0, 3.0, 2.0, 7.0, 7.0, 4.0, 6.0, 10.0, 4.0, 7.0, 15.0, 14.0, 9.0, 16.0, 12.0, 16.0, 25.0, 28.0, 142.0, 4226.0, 259.0, 78.0, 61.0, 34.0, 24.0, 11.0, 25.0, 7.0, 10.0, 9.0, 9.0, 9.0, 4.0, 3.0, 2.0, 2.0, 3.0, 2.0, 1.0, 0.0, 0.0, 0.0, 0.0, 0.0, 0.0, 0.0, 1.0], "bins": [-0.1555442065000534, -0.1512962430715561, -0.14704827964305878, -0.14280030131340027, -0.13855233788490295, -0.13430437445640564, -0.13005641102790833, -0.125808447599411, -0.1215604767203331, -0.11731251329183578, -0.11306454241275787, -0.10881657898426056, -0.10456861555576324, -0.10032064467668533, -0.09607268124818802, -0.09182471036911011, -0.08757674694061279, -0.08332878351211548, -0.07908081263303757, -0.07483284920454025, -0.07058487832546234, -0.06633691489696503, -0.06208895146846771, -0.0578409843146801, -0.05359301716089249, -0.049345050007104874, -0.04509708285331726, -0.040849119424819946, -0.03660115227103233, -0.03235318511724472, -0.028105219826102257, -0.023857254534959793, -0.019609302282333374, -0.015361336059868336, -0.011113369837403297, -0.006865403614938259, -0.002617437392473221, 0.001630529761314392, 0.005878495052456856, 0.01012646034359932, 0.014374427497386932, 0.018622394651174545, 0.02287035994231701, 0.027118325233459473, 0.031366292387247086, 0.0356142595410347, 0.03986222296953201, 0.044110190123319626, 0.04835815727710724, 0.05260612443089485, 0.056854091584682465, 0.06110205501317978, 0.06535002589225769, 0.069597989320755, 0.07384595274925232, 0.07809391617774963, 0.08234188705682755, 0.08658985048532486, 0.09083782136440277, 0.09508578479290009, 0.0993337482213974, 0.10358171910047531, 0.10782968252897263, 0.11207765340805054, 0.11632561683654785]}, "gradients/fc1.0.bias": {"_type": "histogram", "values": [1.0, 0.0, 1.0, 0.0, 0.0, 0.0, 1.0, 0.0, 0.0, 0.0, 0.0, 0.0, 0.0, 0.0, 1.0, 1.0, 0.0, 3.0, 2.0, 4.0, 3.0, 4.0, 3.0, 3.0, 6.0, 4.0, 10.0, 2.0, 4.0, 4.0, 7.0, 11.0, 7.0, 6.0, 10.0, 17.0, 77.0, 201.0, 19.0, 7.0, 11.0, 10.0, 2.0, 3.0, 7.0, 4.0, 2.0, 5.0, 6.0, 6.0, 1.0, 4.0, 1.0, 7.0, 4.0, 4.0, 2.0, 4.0, 1.0, 4.0, 0.0, 1.0, 2.0, 2.0], "bins": [-0.013652155175805092, -0.013285001739859581, -0.01291784830391407, -0.01255069486796856, -0.012183541432023048, -0.011816387996077538, -0.011449234560132027, -0.011082081124186516, -0.010714927688241005, -0.010347774252295494, -0.009980620816349983, -0.009613467380404472, -0.009246313944458961, -0.00887916050851345, -0.00851200707256794, -0.008144853636622429, -0.007777701131999493, -0.007410547696053982, -0.007043394260108471, -0.00667624082416296, -0.006309087388217449, -0.005941933952271938, -0.005574780981987715, -0.005207627546042204, -0.004840474110096693, -0.004473320674151182, -0.004106167238205671, -0.003739014035090804, -0.0033718605991452932, -0.0030047071631997824, -0.002637553960084915, -0.0022704005241394043, -0.0019032461568713188, -0.001536092720925808, -0.001168939401395619, -0.0008017860818654299, -0.000434632645919919, -6.747920997440815e-05, 0.00029967399314045906, 0.0006668274290859699, 0.0010339808650314808, 0.0014011343009769917, 0.0017682876205071807, 0.0021354409400373697, 0.0025025943759828806, 0.0028697478119283915, 0.0032369010150432587, 0.0036040544509887695, 0.00397120788693428, 0.004338361322879791, 0.004705514758825302, 0.005072668194770813, 0.005439821630716324, 0.005806975066661835, 0.006174128036946058, 0.006541281472891569, 0.00690843490883708, 0.007275588344782591, 0.007642741780728102, 0.008009894751012325, 0.008377048186957836, 0.008744201622903347, 0.009111355058848858, 0.009478508494794369, 0.00984566193073988]}, "gradients/fc1.0.weight": {"_type": "histogram", "values": [1.0, 0.0, 1.0, 0.0, 0.0, 2.0, 0.0, 0.0, 2.0, 0.0, 2.0, 3.0, 4.0, 4.0, 12.0, 12.0, 17.0, 16.0, 24.0, 37.0, 38.0, 54.0, 59.0, 101.0, 126.0, 202.0, 304.0, 427.0, 642.0, 993.0, 1535.0, 2445.0, 3745.0, 6333.0, 10474.0, 19687.0, 103191.0, 616130.0, 20110.0, 11076.0, 6968.0, 4666.0, 3134.0, 2119.0, 1437.0, 1004.0, 667.0, 448.0, 353.0, 192.0, 144.0, 80.0, 75.0, 31.0, 24.0, 19.0, 8.0, 7.0, 4.0, 2.0, 4.0, 0.0, 3.0, 2.0], "bins": [-0.09774358570575714, -0.09510714560747147, -0.0924706980586052, -0.08983425796031952, -0.08719781786203384, -0.08456137776374817, -0.0819249302148819, -0.07928849011659622, -0.07665205001831055, -0.07401560992002487, -0.0713791623711586, -0.06874272227287292, -0.06610628217458725, -0.06346984207630157, -0.0608333945274353, -0.05819695442914963, -0.055560506880283356, -0.05292406305670738, -0.05028762295842171, -0.047651179134845734, -0.04501473903656006, -0.042378295212984085, -0.03974185138940811, -0.037105411291122437, -0.03446896746754646, -0.03183252364397049, -0.029196083545684814, -0.02655963972210884, -0.023923197761178017, -0.021286755800247192, -0.01865031197667122, -0.016013870015740395, -0.013377435505390167, -0.010740993544459343, -0.008104550652205944, -0.005468107759952545, -0.002831665799021721, -0.0001952238380908966, 0.002441219985485077, 0.005077661946415901, 0.0077141039073467255, 0.01035054586827755, 0.012986988760530949, 0.015623431652784348, 0.018259873613715172, 0.020896315574645996, 0.02353275939822197, 0.026169201359152794, 0.028805643320083618, 0.03144208714365959, 0.03407852724194527, 0.03671497106552124, 0.039351411163806915, 0.04198785498738289, 0.04462429881095886, 0.04726073890924454, 0.04989718273282051, 0.052533626556396484, 0.05517006665468216, 0.05780651047825813, 0.060442954301834106, 0.06307939440011978, 0.06571583449840546, 0.06835228204727173, 0.0709887221455574]}, "gradients/conv2.0.weight": {"_type": "histogram", "values": [1.0, 0.0, 1.0, 4.0, 6.0, 5.0, 11.0, 16.0, 19.0, 15.0, 34.0, 36.0, 41.0, 59.0, 77.0, 109.0, 154.0, 224.0, 282.0, 403.0, 493.0, 723.0, 1106.0, 1444.0, 2071.0, 2988.0, 4244.0, 6161.0, 10891.0, 6023.0, 3917.0, 2713.0, 1912.0, 1341.0, 877.0, 597.0, 509.0, 372.0, 296.0, 208.0, 171.0, 133.0, 92.0, 84.0, 71.0, 52.0, 36.0, 36.0, 28.0, 15.0, 18.0, 13.0, 14.0, 14.0, 7.0, 6.0, 7.0, 8.0, 1.0, 2.0, 2.0, 3.0, 3.0, 1.0],